Compound_ID	name	evidence_score	MW	all_possibles
	input_mz	match_form	mz_difference
CE7115	20-hydroxy-leukotriene B5	24	349.2015	among possibles CE2053,CE7112,CE5138,CE7088,CE5661,CE7114,CE7113,CE7115
	282.2198	M-HCOONa+H[1+]	-0.0016
	332.1976	M-H2O+H[1+]	-0.0006
	304.2011	M-HCOOH+H[1+]	-0.0023
	352.2034	M(S34)+H[1+]	-0.0012
	388.1626	M+K[1+]	-0.0017
	314.1864	M-H4O2+H[1+]	-0.0012
	352.2067	M(Cl37)+H[1+]	0.0007
	304.202	M-HCOOH+H[1+]	-0.0014
	372.1913	M+Na[1+]	0.0005
	368.2166	M+H2O+H[1+]	-0.0028
	304.2013	M-HCOOH+H[1+]	-0.0021
	372.1904	M+Na[1+]	-0.0004
	352.2028	M(Cl37)+H[1+]	-0.0032
	304.2014	M-HCOOH+H[1+]	-0.002
	352.2067	M(S34)+H[1+]	0.0021
	352.2069	M(S34)+H[1+]	0.0023
	322.2114	M-CO+H[1+]	-0.0024
	352.2041	M(Cl37)+H[1+]	-0.0019
	322.2159	M-CO+H[1+]	0.0021
	351.2147	M(C13)+H[1+]	0.0025
	282.22	M-HCOONa+H[1+]	-0.0014
	352.2052	M(Cl37)+H[1+]	-0.0008
	368.2172	M+H2O+H[1+]	-0.0022
	332.1965	M-H2O+H[1+]	-0.0017
	306.2171	M-CO2+H[1+]	-0.0019
	306.2166	M-CO2+H[1+]	-0.0024
	278.1855	M-C3H4O2+H[1+]	-0.0022
	352.2069	M(Cl37)+H[1+]	0.0009
	322.211	M-CO+H[1+]	-0.0028
	322.212	M-CO+H[1+]	-0.0018
	282.2205	M-HCOONa+H[1+]	-0.0009
	352.2026	M(S34)+H[1+]	-0.002
	434.1665	M+HCOOK[1+]	-0.0036
	332.1966	M-H2O+H[1+]	-0.0016
	282.2194	M-HCOONa+H[1+]	-0.002
	332.1962	M-H2O+H[1+]	-0.002
	314.1868	M-H4O2+H[1+]	-0.0008
	372.1919	M+Na[1+]	0.0011
	418.1944	M+HCOONa[1+]	-0.0018
	368.2165	M+H2O+H[1+]	-0.0029
	332.1963	M-H2O+H[1+]	-0.0019
	304.2012	M-HCOOH+H[1+]	-0.0022
	352.2025	M(Cl37)+H[1+]	-0.0035
	306.2163	M-CO2+H[1+]	-0.0027
	352.2033	M(Cl37)+H[1+]	-0.0027
	352.2052	M(S34)+H[1+]	0.0006
	418.2	M+HCOONa[1+]	0.0038
	314.1852	M-H4O2+H[1+]	-0.0024
	278.1866	M-C3H4O2+H[1+]	-0.0011
	352.2028	M(S34)+H[1+]	-0.0018
	352.2017	M(S34)+H[1+]	-0.0029
	352.2026	M(Cl37)+H[1+]	-0.0034
	282.2189	M-HCOONa+H[1+]	-0.0025
	282.2197	M-HCOONa+H[1+]	-0.0017
	352.2041	M(S34)+H[1+]	-0.0005
	368.217	M+H2O+H[1+]	-0.0024
	322.2166	M-CO+H[1+]	0.0028
	306.2169	M-CO2+H[1+]	-0.0021
	304.2009	M-HCOOH+H[1+]	-0.0025
	388.163	M+K[1+]	-0.0013
	352.2034	M(Cl37)+H[1+]	-0.0026
	282.2201	M-HCOONa+H[1+]	-0.0013
	314.1862	M-H4O2+H[1+]	-0.0014
	352.2033	M(S34)+H[1+]	-0.0013
	350.2062	M+H[1+]	-0.0026
	388.1628	M+K[1+]	-0.0015
	350.2065	M+H[1+]	-0.0023
	282.2195	M-HCOONa+H[1+]	-0.0019
	314.1907	M-H4O2+H[1+]	0.0031
	351.2132	M(C13)+H[1+]	0.001
	332.1952	M-H2O+H[1+]	-0.003
	322.2127	M-CO+H[1+]	-0.0011
	282.2192	M-HCOONa+H[1+]	-0.0022
	314.1871	M-H4O2+H[1+]	-0.0005
	314.1847	M-H4O2+H[1+]	-0.0029
	352.2021	M(S34)+H[1+]	-0.0025
	368.2168	M+H2O+H[1+]	-0.0026
	372.1876	M+Na[1+]	-0.0032
	350.2061	M+H[1+]	-0.0027
	350.2063	M+H[1+]	-0.0025
	282.2193	M-HCOONa+H[1+]	-0.0021
	350.2066	M+H[1+]	-0.0022
	332.1964	M-H2O+H[1+]	-0.0018
	352.2025	M(S34)+H[1+]	-0.0021
	278.1858	M-C3H4O2+H[1+]	-0.0019
	278.1864	M-C3H4O2+H[1+]	-0.0013
	306.2167	M-CO2+H[1+]	-0.0023
	282.2196	M-HCOONa+H[1+]	-0.0018
	304.2006	M-HCOOH+H[1+]	-0.0028
	314.1856	M-H4O2+H[1+]	-0.002
	388.1666	M+K[1+]	0.0023
	352.2019	M(S34)+H[1+]	-0.0027
	306.217	M-CO2+H[1+]	-0.002
	322.2119	M-CO+H[1+]	-0.0019
CE7092	15-oxo-PGE1	21	351.2172	among possibles CE6248,CE6247,CE7092,CE5662,CE2569,CE2568
	118.0785	M+3H[3+]	-0.0012
	316.2031	M-H4O2+H[1+]	-0.0001
	370.2324	M+H2O+H[1+]	-0.0026
	352.2257	M+H[1+]	0.0013
	420.2093	M+HCOONa[1+]	-0.0025
	334.2147	M-H2O+H[1+]	0.0009
	306.2169	M-HCOOH+H[1+]	-0.0021
	436.186	M+HCOOK[1+]	0.0003
	284.2393	M-HCOONa+H[1+]	0.0023
	316.2018	M-H4O2+H[1+]	-0.0014
	334.2156	M-H2O+H[1+]	0.0018
	351.2147	M[1+]	-0.0025
	436.1864	M+HCOOK[1+]	0.0007
	334.2125	M-H2O+H[1+]	-0.0013
	334.2149	M-H2O+H[1+]	0.0011
	306.2171	M-HCOOH+H[1+]	-0.0019
	334.2163	M-H2O+H[1+]	0.0025
	370.2384	M+H2O+H[1+]	0.0034
	370.2342	M+H2O+H[1+]	-0.0008
	324.228	M-CO+H[1+]	-0.0014
	306.2167	M-HCOOH+H[1+]	-0.0023
	436.1866	M+HCOOK[1+]	0.0009
	118.0794	M+3H[3+]	-0.0003
	306.2163	M-HCOOH+H[1+]	-0.0027
	334.217	M-H2O+H[1+]	0.0032
	334.212	M-H2O+H[1+]	-0.0018
	316.2013	M-H4O2+H[1+]	-0.0019
	334.2119	M-H2O+H[1+]	-0.0019
	316.2017	M-H4O2+H[1+]	-0.0015
	436.1861	M+HCOOK[1+]	0.0004
	334.2168	M-H2O+H[1+]	0.003
	354.2231	M(S34)+H[1+]	0.0029
	420.2123	M+HCOONa[1+]	0.0005
	306.217	M-HCOOH+H[1+]	-0.002
	354.2231	M(Cl37)+H[1+]	0.0015
	316.2012	M-H4O2+H[1+]	-0.002
	436.1867	M+HCOOK[1+]	0.001
	316.2039	M-H4O2+H[1+]	0.0007
	334.2151	M-H2O+H[1+]	0.0013
	436.1858	M+HCOOK[1+]	0.0001
	118.0786	M+3H[3+]	-0.0011
	324.2318	M-CO+H[1+]	0.0024
	436.1859	M+HCOOK[1+]	0.0002
	118.079	M+3H[3+]	-0.0007
	420.2126	M+HCOONa[1+]	0.0008
	334.2148	M-H2O+H[1+]	0.001
	352.2241	M+H[1+]	-0.0003
	306.2166	M-HCOOH+H[1+]	-0.0024
	334.216	M-H2O+H[1+]	0.0022
CE6185	omega-carboxy-trinor-leukotriene B4	19	336.1573
	337.166	M+H[1+]	0.0014
	336.1559	M[1+]	-0.0014
	339.163	M(Cl37)+H[1+]	0.0012
	180.0763	M+H+Na[2+]	-0.0006
	336.1572	M[1+]	-0.0001
	336.1587	M[1+]	0.0014
	338.1689	M(C13)+H[1+]	0.0009
	291.158	M-HCOOH+H[1+]	-0.0012
	180.0762	M+H+Na[2+]	-0.0007
	336.1568	M[1+]	-0.0005
	339.163	M(S34)+H[1+]	0.0026
	265.1445	M-C3H4O2+H[1+]	0.001
	339.1622	M(Cl37)+H[1+]	0.0004
	265.1436	M-C3H4O2+H[1+]	0.0001
	113.0588	M+3H[3+]	-0.0009
	180.0777	M+H+Na[2+]	0.0008
	336.1545	M[1+]	-0.0028
	180.077	M+H+Na[2+]	0.0001
	180.0757	M+H+Na[2+]	-0.0012
	339.1622	M(S34)+H[1+]	0.0018
	265.1447	M-C3H4O2+H[1+]	0.0012
	336.1561	M[1+]	-0.0012
	265.1448	M-C3H4O2+H[1+]	0.0013
	265.1441	M-C3H4O2+H[1+]	0.0006
	180.0765	M+H+Na[2+]	-0.0004
	180.0779	M+H+Na[2+]	0.001
C16661	L-alpha-Acetyl-N-normethadol; nor-LAAM	21	339.2198
	342.2253	M(Cl37)+H[1+]	0.001
	342.2231	M(Cl37)+H[1+]	-0.0012
	296.2356	M-CO2+H[1+]	-0.0017
	362.2091	M+Na[1+]	0.0
	296.2369	M-CO2+H[1+]	-0.0004
	296.235	M-CO2+H[1+]	-0.0023
	268.2039	M-C3H4O2+H[1+]	-0.0021
	312.2301	M-CO+H[1+]	-0.002
	296.2351	M-CO2+H[1+]	-0.0022
	296.2353	M-CO2+H[1+]	-0.002
	340.2278	M+H[1+]	0.0007
	424.1916	M+HCOOK[1+]	0.0032
	294.2191	M-HCOOH+H[1+]	-0.0026
	296.2361	M-CO2+H[1+]	-0.0012
	268.2042	M-C3H4O2+H[1+]	-0.0018
	268.2034	M-C3H4O2+H[1+]	-0.0026
	296.2349	M-CO2+H[1+]	-0.0024
	312.2293	M-CO+H[1+]	-0.0028
	342.2253	M(S34)+H[1+]	0.0024
	268.2035	M-C3H4O2+H[1+]	-0.0025
	312.2295	M-CO+H[1+]	-0.0026
	378.1862	M+K[1+]	0.0036
	296.2354	M-CO2+H[1+]	-0.0019
	341.2327	M(C13)+H[1+]	0.0022
	294.2235	M-HCOOH+H[1+]	0.0018
	312.2299	M-CO+H[1+]	-0.0022
	296.2352	M-CO2+H[1+]	-0.0021
	296.2355	M-CO2+H[1+]	-0.0018
	294.2188	M-HCOOH+H[1+]	-0.0029
	341.2317	M(C13)+H[1+]	0.0012
	362.2097	M+Na[1+]	0.0006
	268.2036	M-C3H4O2+H[1+]	-0.0024
	398.1864	M+NaCl[1+]	0.0007
	378.1854	M+K[1+]	0.0028
	268.2037	M-C3H4O2+H[1+]	-0.0023
	322.2166	M-H2O+H[1+]	0.0001
	268.2041	M-C3H4O2+H[1+]	-0.0019
	296.2348	M-CO2+H[1+]	-0.0025
	296.2357	M-CO2+H[1+]	-0.0016
	268.2043	M-C3H4O2+H[1+]	-0.0017
	268.204	M-C3H4O2+H[1+]	-0.002
	322.2159	M-H2O+H[1+]	-0.0006
	312.2294	M-CO+H[1+]	-0.0027
	378.1853	M+K[1+]	0.0027
	342.2231	M(S34)+H[1+]	0.0002
	268.2038	M-C3H4O2+H[1+]	-0.0022
CE6474		17	335.2222	among possibles CE5343,CE7172,CE6246,CE6240,CE7096,CE6251,CE5815,CE5944,CE5179,CE6474,CE2445,CE2446,CE2449
	318.2169	M-H2O+H[1+]	-0.002
	420.1942	M+HCOOK[1+]	0.0034
	336.2296	M+H[1+]	0.0001
	336.2276	M+H[1+]	-0.0019
	290.2221	M-HCOOH+H[1+]	-0.002
	290.2245	M-HCOOH+H[1+]	0.0004
	420.187	M+HCOOK[1+]	-0.0038
	354.2372	M+H2O+H[1+]	-0.0029
	318.2174	M-H2O+H[1+]	-0.0015
	354.2381	M+H2O+H[1+]	-0.002
	319.2005	M-NH3+H[1+]	-0.0025
	336.2278	M+H[1+]	-0.0017
	300.2065	M-H4O2+H[1+]	-0.0018
	268.2401	M-HCOONa+H[1+]	-0.002
	264.2087	M-C3H4O2+H[1+]	0.0003
	319.2011	M-NH3+H[1+]	-0.0019
	420.1888	M+HCOOK[1+]	-0.002
	318.2168	M-H2O+H[1+]	-0.0021
	268.2404	M-HCOONa+H[1+]	-0.0017
	292.2373	M-CO2+H[1+]	-0.0024
	300.2066	M-H4O2+H[1+]	-0.0017
	354.2393	M+H2O+H[1+]	-0.0008
	290.225	M-HCOOH+H[1+]	0.0009
	290.2237	M-HCOOH+H[1+]	-0.0004
	336.2271	M+H[1+]	-0.0024
	420.1894	M+HCOOK[1+]	-0.0014
	358.2122	M+Na[1+]	0.0007
	354.2402	M+H2O+H[1+]	0.0001
	358.2092	M+Na[1+]	-0.0023
	290.2222	M-HCOOH+H[1+]	-0.0019
	264.2086	M-C3H4O2+H[1+]	0.0002
	318.2172	M-H2O+H[1+]	-0.0017
	358.2133	M+Na[1+]	0.0018
	354.2376	M+H2O+H[1+]	-0.0025
	420.1893	M+HCOOK[1+]	-0.0015
	300.2064	M-H4O2+H[1+]	-0.0019
	268.2398	M-HCOONa+H[1+]	-0.0023
	318.2171	M-H2O+H[1+]	-0.0018
	336.2275	M+H[1+]	-0.002
	336.2293	M+H[1+]	-0.0002
	300.2063	M-H4O2+H[1+]	-0.002
	354.2431	M+H2O+H[1+]	0.003
	336.2272	M+H[1+]	-0.0023
	268.2405	M-HCOONa+H[1+]	-0.0016
	268.2415	M-HCOONa+H[1+]	-0.0006
	290.2235	M-HCOOH+H[1+]	-0.0006
	336.2268	M+H[1+]	-0.0027
	354.2426	M+H2O+H[1+]	0.0025
	336.2274	M+H[1+]	-0.0021
	290.2239	M-HCOOH+H[1+]	-0.0002
	354.238	M+H2O+H[1+]	-0.0021
	354.2383	M+H2O+H[1+]	-0.0018
	268.2402	M-HCOONa+H[1+]	-0.0019
	354.2377	M+H2O+H[1+]	-0.0024
	336.2277	M+H[1+]	-0.0018
	268.24	M-HCOONa+H[1+]	-0.0021
	292.2418	M-CO2+H[1+]	0.0021
	336.2282	M+H[1+]	-0.0013
C16662	L-alpha-Acetyl-N,N-dinormethadol; dinor-LAAM	21	325.2042
	364.1646	M+K[1+]	-0.0024
	282.2197	M-CO2+H[1+]	-0.002
	325.202	M[1+]	-0.0022
	282.2195	M-CO2+H[1+]	-0.0022
	254.1906	M-C3H4O2+H[1+]	0.0002
	410.1712	M+HCOOK[1+]	-0.0016
	325.204	M[1+]	-0.0002
	410.1709	M+HCOOK[1+]	-0.0019
	410.1751	M+HCOOK[1+]	0.0023
	348.1931	M+Na[1+]	-0.0004
	348.1922	M+Na[1+]	-0.0013
	325.2017	M[1+]	-0.0025
	394.1974	M+HCOONa[1+]	-0.0015
	308.198	M-H2O+H[1+]	-0.0029
	254.1881	M-C3H4O2+H[1+]	-0.0023
	254.1893	M-C3H4O2+H[1+]	-0.0011
	282.22	M-CO2+H[1+]	-0.0017
	410.1718	M+HCOOK[1+]	-0.001
	326.2094	M+H[1+]	-0.0021
	282.2201	M-CO2+H[1+]	-0.0016
	298.2151	M-CO+H[1+]	-0.0014
	254.188	M-C3H4O2+H[1+]	-0.0024
	282.2196	M-CO2+H[1+]	-0.0021
	326.2084	M+H[1+]	-0.0031
	282.2192	M-CO2+H[1+]	-0.0025
	282.2205	M-CO2+H[1+]	-0.0012
	282.2194	M-CO2+H[1+]	-0.0023
	282.2189	M-CO2+H[1+]	-0.0028
	348.194	M+Na[1+]	0.0005
	282.2193	M-CO2+H[1+]	-0.0024
	254.1882	M-C3H4O2+H[1+]	-0.0022
	348.1906	M+Na[1+]	-0.0029
	282.2198	M-CO2+H[1+]	-0.0019
	254.1883	M-C3H4O2+H[1+]	-0.0021
C03242	(8Z,11Z,14Z)-Icosatrienoic acid; Dihomo-gamma-linolenic acid; (Z,Z,Z)-8,11,14-Eicosatrienoic acid; (Z,Z,Z)-8,11,14-Icosatrienoic acid; (Z,Z,Z)-8,11,14-Eicosatrienoate; (Z,Z,Z)-8,11,14-Icosatrienoate; 8,11,14-Eicosatrienoate; 8,11,14-Icosatrienoate	18	306.2559
	375.2532	M+HCOONa[1+]	0.0026
	309.2633	M(Cl37)+H[1+]	0.0029
	345.2153	M+K[1+]	-0.0034
	290.2356	M-NH3+H[1+]	-0.0011
	375.2514	M+HCOONa[1+]	0.0008
	329.2476	M+Na[1+]	0.0024
	154.1359	M+2H[2+]	0.0007
	309.2598	M(S34)+H[1+]	0.0008
	271.2424	M-H4O2+H[1+]	0.0004
	290.2375	M-NH3+H[1+]	0.0008
	306.2533	M[1+]	-0.0026
	154.1356	M+2H[2+]	0.0004
	290.2382	M-NH3+H[1+]	0.0015
	375.2521	M+HCOONa[1+]	0.0015
	309.2598	M(Cl37)+H[1+]	-0.0006
	345.2157	M+K[1+]	-0.003
C01712	(9E)-Octadecenoic acid; 9-Octadecenoic acid, (E)-; (E)-Oleic acid; D9-trans-Octadecenoic acid; 9-trans-Octadecenoic acid; trans-D9-Octadecenoic acid; trans-9-Octadecenoic acid; trans-Elaidic acid; trans-Oleic acid; Elaidic acid; Acide elaidique; Elaidinsaure	10	282.2559
	341.2203	M+NaCl[1+]	-0.0015
	266.2358	M-NH3+H[1+]	-0.0009
	282.2559	M[1+]	0.0
	282.255	M[1+]	-0.0009
	282.2551	M[1+]	-0.0008
	282.2554	M[1+]	-0.0005
	282.256	M[1+]	0.0001
	266.2374	M-NH3+H[1+]	0.0007
	282.2561	M[1+]	0.0002
	282.2558	M[1+]	-0.0001
	282.2557	M[1+]	-0.0002
	142.1352	M+2H[2+]	-0.0
	282.2555	M[1+]	-0.0004
	142.1366	M+2H[2+]	0.0014
	282.2553	M[1+]	-0.0006
	282.2556	M[1+]	-0.0003
C05451	7alpha-Hydroxy-5beta-cholestan-3-one	11	402.3498	among possibles C03594,C15519,C15610,C06340,C05451,C05500,C05502,C13550
	421.3647	M+H2O+H[1+]	-0.003
	425.3356	M+Na[1+]	-0.0035
	405.3558	M(S34)+H[1+]	0.0029
	213.1744	M+H+Na[2+]	0.0012
	213.1731	M+H+Na[2+]	-0.0001
	421.3653	M+H2O+H[1+]	-0.0024
	425.3353	M+Na[1+]	-0.0038
	471.3399	M+HCOONa[1+]	-0.0046
	425.343	M+Na[1+]	0.0039
	405.3558	M(Cl37)+H[1+]	0.0015
	471.3449	M+HCOONa[1+]	0.0004
	213.172	M+H+Na[2+]	-0.0012
	405.3501	M(S34)+H[1+]	-0.0028
	425.3394	M+Na[1+]	0.0003
	441.3155	M+K[1+]	0.0029
	213.1721	M+H+Na[2+]	-0.0011
	213.1724	M+H+Na[2+]	-0.0008
	213.1729	M+H+Na[2+]	-0.0003
C00475	Cytidine	17	243.0855
	302.0492	M+NaCl[1+]	-0.0022
	198.0885	M-HCOOH+H[1+]	0.0011
	198.0875	M-HCOOH+H[1+]	0.0001
	198.0888	M-HCOOH+H[1+]	0.0014
	200.104	M-CO2+H[1+]	0.001
	246.0862	M(S34)+H[1+]	-0.0024
	200.1043	M-CO2+H[1+]	0.0013
	198.0884	M-HCOOH+H[1+]	0.001
	216.0985	M-CO+H[1+]	0.0007
	216.0981	M-CO+H[1+]	0.0003
	176.1047	M-HCOONa+H[1+]	-0.0007
	208.073	M-H4O2+H[1+]	0.0014
	176.1045	M-HCOONa+H[1+]	-0.0009
	198.0887	M-HCOOH+H[1+]	0.0013
	200.1041	M-CO2+H[1+]	0.0011
	176.1048	M-HCOONa+H[1+]	-0.0006
	200.102	M-CO2+H[1+]	-0.001
	198.0886	M-HCOOH+H[1+]	0.0012
	312.0785	M+HCOONa[1+]	-0.0017
	198.0872	M-HCOOH+H[1+]	-0.0002
	246.0866	M(S34)+H[1+]	-0.002
	172.0727	M-C3H4O2+H[1+]	0.001
	216.0992	M-CO+H[1+]	0.0014
	198.0891	M-HCOOH+H[1+]	0.0017
	266.0733	M+Na[1+]	-0.0015
	198.0893	M-HCOOH+H[1+]	0.0019
	244.0915	M+H[1+]	-0.0013
CE6193	18-carboxy-dinor-LTE4	11	439.1665
	462.1512	M+Na[1+]	-0.0045
	396.1805	M-CO2+H[1+]	-0.0034
	396.1809	M-CO2+H[1+]	-0.003
	404.1546	M-H4O2+H[1+]	0.0021
	422.1617	M-H2O+H[1+]	-0.0014
	368.1552	M-C3H4O2+H[1+]	0.0026
	368.1545	M-C3H4O2+H[1+]	0.0019
	372.1876	M-HCOONa+H[1+]	0.0013
	368.1499	M-C3H4O2+H[1+]	-0.0027
	368.1509	M-C3H4O2+H[1+]	-0.0017
	478.1247	M+K[1+]	-0.0045
	396.1808	M-CO2+H[1+]	-0.0031
	396.1811	M-CO2+H[1+]	-0.0028
	396.1821	M-CO2+H[1+]	-0.0018
	394.1652	M-HCOOH+H[1+]	-0.0031
	396.1807	M-CO2+H[1+]	-0.0032
CE4995	10,11-dihydro-12R-hydroxy-leukotriene E4	13	456.242
	456.2431	M[1+]	0.0011
	495.2013	M+K[1+]	-0.0035
	459.2405	M(S34)+H[1+]	-0.0046
	458.2502	M(C13)+H[1+]	-0.0025
	456.2455	M[1+]	0.0035
	456.2452	M[1+]	0.0032
	456.2456	M[1+]	0.0036
	459.2407	M(S34)+H[1+]	-0.0044
	456.2419	M[1+]	-0.0001
	456.243	M[1+]	0.001
	373.2885	M-HCOOK+H[1+]	0.0005
	421.2299	M-H4O2+H[1+]	0.0018
	385.2257	M-C3H4O2+H[1+]	-0.0025
C14826	12(13)-EpOME	8	296.2351	among possibles C14825,C14826,C14762
	296.2352	M[1+]	0.0001
	296.2361	M[1+]	0.001
	296.2356	M[1+]	0.0005
	280.2152	M-NH3+H[1+]	-0.0007
	296.2348	M[1+]	-0.0003
	280.2143	M-NH3+H[1+]	-0.0016
	296.2349	M[1+]	-0.0002
	296.2357	M[1+]	0.0006
	315.2553	M+H2O+H[1+]	0.0023
	280.2141	M-NH3+H[1+]	-0.0018
	296.234	M[1+]	-0.0011
	280.2147	M-NH3+H[1+]	-0.0012
	296.2355	M[1+]	0.0004
	296.2341	M[1+]	-0.001
	280.2149	M-NH3+H[1+]	-0.001
	296.2353	M[1+]	0.0002
	355.199	M+NaCl[1+]	-0.002
	280.2148	M-NH3+H[1+]	-0.0011
	315.2557	M+H2O+H[1+]	0.0027
	296.2354	M[1+]	0.0003
	296.2351	M[1+]	0.0
	315.2552	M+H2O+H[1+]	0.0022
	296.235	M[1+]	-0.0001
	280.2163	M-NH3+H[1+]	0.0004
	280.215	M-NH3+H[1+]	-0.0009
	280.2145	M-NH3+H[1+]	-0.0014
	280.2151	M-NH3+H[1+]	-0.0008
	296.2369	M[1+]	0.0018
C05490	11-Dehydrocorticosterone	13	344.1988
	344.1992	M[1+]	0.0004
	328.1796	M-NH3+H[1+]	0.0
	261.2455	M-HCOOK+H[1+]	0.0007
	383.1641	M+K[1+]	0.0025
	261.2456	M-HCOOK+H[1+]	0.0008
	328.1782	M-NH3+H[1+]	-0.0014
	328.1795	M-NH3+H[1+]	-0.0001
	261.2449	M-HCOOK+H[1+]	0.0001
	261.2457	M-HCOOK+H[1+]	0.0009
	383.1649	M+K[1+]	0.0033
	261.246	M-HCOOK+H[1+]	0.0012
	261.2452	M-HCOOK+H[1+]	0.0004
	261.2453	M-HCOOK+H[1+]	0.0005
	261.2454	M-HCOOK+H[1+]	0.0006
	317.2115	M-CO+H[1+]	0.0004
	301.2184	M-CO2+H[1+]	0.0021
	363.2195	M+H2O+H[1+]	0.0028
	429.1646	M+HCOOK[1+]	-0.0028
	429.1641	M+HCOOK[1+]	-0.0033
	328.1789	M-NH3+H[1+]	-0.0007
	261.2461	M-HCOOK+H[1+]	0.0013
CE5528		18	310.2144
	312.2274	M(C13)+H[1+]	0.0023
	310.2146	M[1+]	0.0002
	312.226	M(C13)+H[1+]	0.0009
	156.1154	M+2H[2+]	0.0009
	156.1151	M+2H[2+]	0.0006
	312.2265	M(C13)+H[1+]	0.0014
	312.2271	M(C13)+H[1+]	0.002
	156.115	M+2H[2+]	0.0005
	310.2145	M[1+]	0.0001
	294.1967	M-NH3+H[1+]	0.0015
	312.2281	M(C13)+H[1+]	0.003
	312.2269	M(C13)+H[1+]	0.0018
	227.2609	M-HCOOK+H[1+]	0.0005
	294.1932	M-NH3+H[1+]	-0.002
	294.1923	M-NH3+H[1+]	-0.0029
	227.2607	M-HCOOK+H[1+]	0.0003
	294.1925	M-NH3+H[1+]	-0.0027
	294.196	M-NH3+H[1+]	0.0008
	312.2273	M(C13)+H[1+]	0.0022
	294.1929	M-NH3+H[1+]	-0.0023
	310.2128	M[1+]	-0.0016
	310.2149	M[1+]	0.0005
	369.1793	M+NaCl[1+]	-0.001
	312.2282	M(C13)+H[1+]	0.0031
	310.2151	M[1+]	0.0007
	156.1153	M+2H[2+]	0.0008
	156.1144	M+2H[2+]	-0.0001
	156.1149	M+2H[2+]	0.0004
	311.22	M+H[1+]	-0.0017
	156.1152	M+2H[2+]	0.0007
	312.228	M(C13)+H[1+]	0.0029
	310.2148	M[1+]	0.0004
	312.2261	M(C13)+H[1+]	0.001
	294.1953	M-NH3+H[1+]	0.0001
CE4980	Prostaglandin PGE2 glyceryl ester	13	426.2617
	495.2581	M+HCOONa[1+]	0.0017
	495.2584	M+HCOONa[1+]	0.002
	381.2658	M-HCOOH+H[1+]	0.0022
	410.2453	M-NH3+H[1+]	0.0028
	445.2824	M+H2O+H[1+]	0.0028
	359.2816	M-HCOONa+H[1+]	-0.0
	428.2686	M(C13)+H[1+]	-0.0038
	410.2437	M-NH3+H[1+]	0.0012
	428.2751	M(C13)+H[1+]	0.0027
	381.2618	M-HCOOH+H[1+]	-0.0018
	410.2441	M-NH3+H[1+]	0.0016
	427.2711	M+H[1+]	0.0021
	359.2822	M-HCOONa+H[1+]	0.0006
	410.2444	M-NH3+H[1+]	0.0019
	381.2656	M-HCOOH+H[1+]	0.002
	410.2454	M-NH3+H[1+]	0.0029
	410.2442	M-NH3+H[1+]	0.0017
	410.2443	M-NH3+H[1+]	0.0018
	410.2445	M-NH3+H[1+]	0.002
	381.2633	M-HCOOH+H[1+]	-0.0003
	410.2414	M-NH3+H[1+]	-0.0011
	343.305	M-HCOOK+H[1+]	-0.0027
	410.2439	M-NH3+H[1+]	0.0014
	410.2448	M-NH3+H[1+]	0.0023
	410.2447	M-NH3+H[1+]	0.0022
	343.3064	M-HCOOK+H[1+]	-0.0013
	410.2449	M-NH3+H[1+]	0.0024
	410.244	M-NH3+H[1+]	0.0015
	359.2821	M-HCOONa+H[1+]	0.0005
	410.2389	M-NH3+H[1+]	-0.0036
	343.3059	M-HCOOK+H[1+]	-0.0018
	410.2456	M-NH3+H[1+]	0.0031
CE5928		12	334.2144	among possibles C05957,C05953,C05954,C05955,CE5535,CE5537,CE5925,CE5928
	336.2274	M(C13)+H[1+]	0.0023
	334.2119	M[1+]	-0.0025
	334.2147	M[1+]	0.0003
	168.1143	M+2H[2+]	-0.0002
	317.2115	M-H2O+H[1+]	0.0004
	336.2268	M(C13)+H[1+]	0.0017
	334.217	M[1+]	0.0026
	168.1157	M+2H[2+]	0.0012
	336.2271	M(C13)+H[1+]	0.002
	334.212	M[1+]	-0.0024
	336.2277	M(C13)+H[1+]	0.0026
	291.2328	M-CO2+H[1+]	0.0009
	334.2125	M[1+]	-0.0019
	336.2275	M(C13)+H[1+]	0.0024
	334.2168	M[1+]	0.0024
	334.2149	M[1+]	0.0005
	336.2278	M(C13)+H[1+]	0.0027
	168.1145	M+2H[2+]	0.0
	336.2282	M(C13)+H[1+]	0.0031
	334.2151	M[1+]	0.0007
	334.2163	M[1+]	0.0019
	334.2156	M[1+]	0.0012
	336.2272	M(C13)+H[1+]	0.0021
	336.2276	M(C13)+H[1+]	0.0025
	334.2148	M[1+]	0.0004
	334.216	M[1+]	0.0016
C14153	alpha-Tocotrienol	19	424.3341
	213.1724	M+2H[2+]	-0.0019
	213.1729	M+2H[2+]	-0.0014
	427.3394	M(Cl37)+H[1+]	0.0008
	425.3394	M+H[1+]	-0.002
	213.1744	M+2H[2+]	0.0001
	425.343	M+H[1+]	0.0016
	213.1731	M+2H[2+]	-0.0012
	463.2974	M+K[1+]	0.0005
	483.2971	M+NaCl[1+]	-0.0029
	427.3394	M(S34)+H[1+]	0.0022
	424.3344	M[1+]	0.0003
	463.2942	M+K[1+]	-0.0027
	509.3061	M+HCOOK[1+]	0.0034
C16545		21	387.2198	among possibles C05011,C16545,C16544
	360.2296	M-CO+H[1+]	-0.0025
	352.2026	M-H4O2+H[1+]	-0.0033
	446.1859	M+NaCl[1+]	0.0002
	342.2188	M-HCOOH+H[1+]	-0.0029
	410.2111	M+Na[1+]	0.002
	342.2231	M-HCOOH+H[1+]	0.0014
	316.2039	M-C3H4O2+H[1+]	-0.0021
	370.2197	M-H2O+H[1+]	0.0032
	352.2034	M-H4O2+H[1+]	-0.0025
	390.2225	M(Cl37)+H[1+]	-0.0018
	410.2114	M+Na[1+]	0.0023
	370.2199	M-H2O+H[1+]	0.0034
	410.2118	M+Na[1+]	0.0027
	472.1891	M+HCOOK[1+]	0.0007
	352.2025	M-H4O2+H[1+]	-0.0034
	352.2067	M-H4O2+H[1+]	0.0008
	352.2052	M-H4O2+H[1+]	-0.0007
	320.237	M-HCOONa+H[1+]	-0.0027
	472.1871	M+HCOOK[1+]	-0.0013
	410.2055	M+Na[1+]	-0.0036
	406.2342	M+H2O+H[1+]	-0.0035
	390.2225	M(S34)+H[1+]	-0.0004
	456.2154	M+HCOONa[1+]	0.0009
	352.2028	M-H4O2+H[1+]	-0.0031
	410.2109	M+Na[1+]	0.0018
	472.1877	M+HCOOK[1+]	-0.0007
	388.2255	M+H[1+]	-0.0016
	370.2194	M-H2O+H[1+]	0.0029
	390.2247	M(S34)+H[1+]	0.0018
	406.2338	M+H2O+H[1+]	-0.0039
	352.2041	M-H4O2+H[1+]	-0.0018
	360.2292	M-CO+H[1+]	-0.0029
	390.2247	M(Cl37)+H[1+]	0.0004
	352.2033	M-H4O2+H[1+]	-0.0026
	316.2031	M-C3H4O2+H[1+]	-0.0029
	360.2285	M-CO+H[1+]	-0.0036
	352.2069	M-H4O2+H[1+]	0.001
	371.1992	M-NH3+H[1+]	-0.0014
C03091	5beta-Cholestan-3-one	7	386.3549	among possibles C00187,C03091
	425.316	M+K[1+]	-0.0017
	425.3136	M+K[1+]	-0.0041
	445.3186	M+NaCl[1+]	-0.0022
	455.3477	M+HCOONa[1+]	-0.0019
	409.3406	M+Na[1+]	-0.0036
	425.3145	M+K[1+]	-0.0032
	455.3453	M+HCOONa[1+]	-0.0043
	409.3404	M+Na[1+]	-0.0038
	409.3402	M+Na[1+]	-0.004
	425.3147	M+K[1+]	-0.003
C02198	Thromboxane A2	11	352.225	among possibles C06315,C06314,C00584,C00427,C04654,C04853,C01312,C02198,C00696
	269.2711	M-HCOOK+H[1+]	0.0001
	371.2443	M+H2O+H[1+]	0.0014
	371.245	M+H2O+H[1+]	0.0021
	354.2383	M(C13)+H[1+]	0.0026
	352.2257	M[1+]	0.0007
	354.2377	M(C13)+H[1+]	0.002
	354.2381	M(C13)+H[1+]	0.0024
	354.238	M(C13)+H[1+]	0.0023
	354.2376	M(C13)+H[1+]	0.0019
	354.2363	M(C13)+H[1+]	0.0006
	354.2372	M(C13)+H[1+]	0.0015
	437.1901	M+HCOOK[1+]	-0.0035
	352.2241	M[1+]	-0.0009
	437.19	M+HCOOK[1+]	-0.0036
	371.2448	M+H2O+H[1+]	0.0019
	317.2115	M-H4O2+H[1+]	0.0004
CE5704	15(S)-hydroxyarachidonylethanolamide	17	363.2773	among possibles CE5703,CE5704
	366.2833	M(S34)+H[1+]	0.0029
	386.2645	M+Na[1+]	-0.0021
	318.2784	M-HCOOH+H[1+]	-0.0008
	386.2651	M+Na[1+]	-0.0015
	328.2624	M-H4O2+H[1+]	-0.001
	386.2637	M+Na[1+]	-0.0029
	364.281	M+H[1+]	-0.0036
	386.2642	M+Na[1+]	-0.0024
	386.2639	M+Na[1+]	-0.0027
	328.2602	M-H4O2+H[1+]	-0.0032
	386.2633	M+Na[1+]	-0.0033
	386.264	M+Na[1+]	-0.0026
	366.2833	M(Cl37)+H[1+]	0.0015
	318.2771	M-HCOOH+H[1+]	-0.0021
	365.2899	M(C13)+H[1+]	0.0019
	386.2635	M+Na[1+]	-0.0031
	386.2638	M+Na[1+]	-0.0028
	318.2768	M-HCOOH+H[1+]	-0.0024
	318.2782	M-HCOOH+H[1+]	-0.001
	318.2774	M-HCOOH+H[1+]	-0.0018
	402.2385	M+K[1+]	-0.0016
	328.2606	M-H4O2+H[1+]	-0.0028
	318.2777	M-HCOOH+H[1+]	-0.0015
	448.2437	M+HCOOK[1+]	-0.0022
CE7101		12	432.3604	among possibles CE6219,CE7101,CE5655
	501.3505	M+HCOONa[1+]	-0.0045
	455.3453	M+Na[1+]	-0.0043
	228.1764	M+H+Na[2+]	-0.0021
	433.3668	M+H[1+]	-0.0008
	433.3662	M+H[1+]	-0.0014
	455.3477	M+Na[1+]	-0.0019
	415.356	M-H2O+H[1+]	-0.001
	501.3501	M+HCOONa[1+]	-0.0049
	433.3651	M+H[1+]	-0.0025
	415.3552	M-H2O+H[1+]	-0.0018
C02477	alpha-Tocopherol; Vitamin E	6	430.3811
	227.1887	M+H+Na[2+]	-0.0001
	499.3711	M+HCOONa[1+]	-0.0047
	453.3668	M+Na[1+]	-0.0036
	227.189	M+H+Na[2+]	0.0002
	499.371	M+HCOONa[1+]	-0.0048
	453.3665	M+Na[1+]	-0.0039
	227.1884	M+H+Na[2+]	-0.0004
	453.367	M+Na[1+]	-0.0034
	499.3713	M+HCOONa[1+]	-0.0045
	499.3728	M+HCOONa[1+]	-0.003
	453.3671	M+Na[1+]	-0.0033
	453.3672	M+Na[1+]	-0.0032
	453.3664	M+Na[1+]	-0.004
	453.3675	M+Na[1+]	-0.0029
	499.3717	M+HCOONa[1+]	-0.0041
C16660	2-Ethyl-5-methyl-3,3-diphenyl-1-pyrroline; EMDP	13	263.1674
	282.1826	M+H2O+H[1+]	-0.0027
	218.1674	M-HCOOH+H[1+]	-0.0019
	332.1607	M+HCOONa[1+]	-0.0014
	266.1687	M(S34)+H[1+]	-0.0018
	282.1828	M+H2O+H[1+]	-0.0025
	218.1706	M-HCOOH+H[1+]	0.0013
	332.1596	M+HCOONa[1+]	-0.0025
	332.1618	M+HCOONa[1+]	-0.0003
	247.1502	M-NH3+H[1+]	0.002
	218.1671	M-HCOOH+H[1+]	-0.0022
	286.1546	M+Na[1+]	-0.0021
	236.1774	M-CO+H[1+]	-0.0023
	218.1673	M-HCOOH+H[1+]	-0.002
	348.1366	M+HCOOK[1+]	0.0006
	302.1291	M+K[1+]	-0.0011
	266.1715	M(Cl37)+H[1+]	-0.0004
	332.1652	M+HCOONa[1+]	0.0031
	266.1715	M(S34)+H[1+]	0.001
	282.1829	M+H2O+H[1+]	-0.0024
	266.1745	M(Cl37)+H[1+]	0.0026
CE7072	13'-carboxy-gama-tocotrienol	16	439.2848
	498.2527	M+NaCl[1+]	0.002
	462.2776	M+Na[1+]	0.0035
	458.3016	M+H2O+H[1+]	-0.0011
	458.3011	M+H2O+H[1+]	-0.0016
	458.3007	M+H2O+H[1+]	-0.002
	442.289	M(S34)+H[1+]	0.0011
	396.3026	M-CO2+H[1+]	0.0003
	442.2907	M(S34)+H[1+]	0.0028
	442.2907	M(Cl37)+H[1+]	0.0014
	458.3042	M+H2O+H[1+]	0.0015
	458.3048	M+H2O+H[1+]	0.0021
	458.3062	M+H2O+H[1+]	0.0035
	412.2949	M-CO+H[1+]	-0.0022
	396.302	M-CO2+H[1+]	-0.0003
	442.289	M(Cl37)+H[1+]	-0.0003
	439.2839	M[1+]	-0.0009
	508.2796	M+HCOONa[1+]	0.0001
	508.2815	M+HCOONa[1+]	0.002
	458.3	M+H2O+H[1+]	-0.0027
	458.3003	M+H2O+H[1+]	-0.0024
	458.2996	M+H2O+H[1+]	-0.0031
	498.2556	M+NaCl[1+]	0.0049
	394.284	M-HCOOH+H[1+]	-0.0027
	458.3009	M+H2O+H[1+]	-0.0018
C07163	Methadone	24	309.2093
	309.2076	M[1+]	-0.0017
	310.2145	M+H[1+]	-0.0021
	282.2197	M-CO+H[1+]	-0.0019
	332.1976	M+Na[1+]	-0.001
	328.2296	M+H2O+H[1+]	0.0024
	328.2241	M+H2O+H[1+]	-0.0031
	310.2151	M+H[1+]	-0.0015
	394.1799	M+HCOOK[1+]	0.002
	328.2243	M+H2O+H[1+]	-0.0029
	156.1151	M(C13)+2H[2+]	0.0015
	328.2242	M+H2O+H[1+]	-0.003
	328.2267	M+H2O+H[1+]	-0.0005
	282.2189	M-CO+H[1+]	-0.0027
	394.1785	M+HCOOK[1+]	0.0006
	156.115	M(C13)+2H[2+]	0.0014
	238.1956	M-C3H4O2+H[1+]	0.0001
	311.22	M(C13)+H[1+]	0.0
	264.2087	M-HCOOH+H[1+]	-0.0025
	368.1743	M+NaCl[1+]	-0.0009
	282.2195	M-CO+H[1+]	-0.0021
	282.2201	M-CO+H[1+]	-0.0015
	282.2205	M-CO+H[1+]	-0.0011
	394.1817	M+HCOOK[1+]	0.0038
	282.2192	M-CO+H[1+]	-0.0024
	282.22	M-CO+H[1+]	-0.0016
	264.2086	M-HCOOH+H[1+]	-0.0026
	156.1149	M(C13)+2H[2+]	0.0013
	332.1963	M+Na[1+]	-0.0023
	282.2193	M-CO+H[1+]	-0.0023
	266.2242	M-CO2+H[1+]	-0.0026
	394.1784	M+HCOOK[1+]	0.0005
	332.1965	M+Na[1+]	-0.0021
	394.1783	M+HCOOK[1+]	0.0004
	332.1964	M+Na[1+]	-0.0022
	310.2148	M+H[1+]	-0.0018
	282.2196	M-CO+H[1+]	-0.002
	328.2249	M+H2O+H[1+]	-0.0023
	310.2146	M+H[1+]	-0.002
	282.2194	M-CO+H[1+]	-0.0022
	310.2149	M+H[1+]	-0.0017
	332.1966	M+Na[1+]	-0.002
	328.2246	M+H2O+H[1+]	-0.0026
	378.2068	M+HCOONa[1+]	0.0028
	328.2255	M+H2O+H[1+]	-0.0017
	394.1792	M+HCOOK[1+]	0.0013
	328.2252	M+H2O+H[1+]	-0.002
	282.2198	M-CO+H[1+]	-0.0018
	156.1144	M(C13)+2H[2+]	0.0008
	332.1962	M+Na[1+]	-0.0024
C00909	Leukotriene A4; LTA4; (7E,9E,11Z,14Z)-(5S,6S)-5,6-Epoxyeicosa-7,9,11,14-tetraenoic acid; (7E,9E,11Z,14Z)-(5S,6S)-5,6-Epoxyeicosa-7,9,11,14-tetraenoate; (7E,9E,11Z,14Z)-(5S,6S)-5,6-Epoxyicosa-7,9,11,14-tetraenoate; (5S,6S,7E,9E,11Z,14Z)-5,6-epoxyicosa-7,9,11,14-tetraenoate	16	318.2195
	302.2006	M-NH3+H[1+]	0.0003
	302.2002	M-NH3+H[1+]	-0.0001
	171.1072	M+H+Na[2+]	-0.0008
	318.2169	M[1+]	-0.0026
	320.2306	M(C13)+H[1+]	0.0004
	320.2323	M(C13)+H[1+]	0.0021
	318.2172	M[1+]	-0.0023
	320.232	M(C13)+H[1+]	0.0018
	320.2325	M(C13)+H[1+]	0.0023
	320.2317	M(C13)+H[1+]	0.0015
	171.1078	M+H+Na[2+]	-0.0002
	320.2333	M(C13)+H[1+]	0.0031
	318.2171	M[1+]	-0.0024
	171.1073	M+H+Na[2+]	-0.0007
	318.2174	M[1+]	-0.0021
	320.2332	M(C13)+H[1+]	0.003
	273.2187	M-HCOOH+H[1+]	-0.0027
	302.1974	M-NH3+H[1+]	-0.0029
	291.2328	M-CO+H[1+]	0.001
	320.2329	M(C13)+H[1+]	0.0027
	320.2328	M(C13)+H[1+]	0.0026
	357.1802	M+K[1+]	-0.0021
	301.2184	M-H2O+H[1+]	0.0022
	320.2324	M(C13)+H[1+]	0.0022
	320.2327	M(C13)+H[1+]	0.0025
	337.2363	M+H2O+H[1+]	-0.0011
	318.2168	M[1+]	-0.0027
CE6473		20	317.2117	among possibles CE7090,CE7089,CE7085,CE7082,CE7081,CE6473,CE2084
	300.2063	M-H2O+H[1+]	-0.002
	318.2172	M+H[1+]	-0.0017
	336.2293	M+H2O+H[1+]	-0.0002
	402.1776	M+HCOOK[1+]	-0.0026
	318.2174	M+H[1+]	-0.0015
	336.2296	M+H2O+H[1+]	0.0001
	290.2239	M-CO+H[1+]	-0.0
	340.2006	M+Na[1+]	-0.0003
	290.2237	M-CO+H[1+]	-0.0002
	336.2274	M+H2O+H[1+]	-0.0021
	336.2268	M+H2O+H[1+]	-0.0027
	340.198	M+Na[1+]	-0.0029
	290.2235	M-CO+H[1+]	-0.0004
	282.1981	M-H4O2+H[1+]	0.0004
	318.2168	M+H[1+]	-0.0021
	336.2271	M+H2O+H[1+]	-0.0024
	290.2222	M-CO+H[1+]	-0.0017
	317.2115	M[1+]	-0.0002
	336.2277	M+H2O+H[1+]	-0.0018
	336.2276	M+H2O+H[1+]	-0.0019
	282.1975	M-H4O2+H[1+]	-0.0002
	290.225	M-CO+H[1+]	0.0011
	300.2066	M-H2O+H[1+]	-0.0017
	318.2171	M+H[1+]	-0.0018
	336.2272	M+H2O+H[1+]	-0.0023
	336.2278	M+H2O+H[1+]	-0.0017
	386.2043	M+HCOONa[1+]	-0.002
	274.2286	M-CO2+H[1+]	-0.0005
	336.2275	M+H2O+H[1+]	-0.002
	386.2071	M+HCOONa[1+]	0.0008
	386.2072	M+HCOONa[1+]	0.0009
	300.2065	M-H2O+H[1+]	-0.0018
	290.2245	M-CO+H[1+]	0.0006
	340.202	M+Na[1+]	0.0011
	300.2064	M-H2O+H[1+]	-0.0019
	386.2026	M+HCOONa[1+]	-0.0037
	386.2095	M+HCOONa[1+]	0.0032
	290.2221	M-CO+H[1+]	-0.0018
	386.2049	M+HCOONa[1+]	-0.0014
	336.2282	M+H2O+H[1+]	-0.0013
	386.2068	M+HCOONa[1+]	0.0005
	318.2169	M+H[1+]	-0.002
vacccrn	Vaccenyl carnitine	19	425.3505	among possibles elaidcrn,vacccrn,odecrn
	510.32	M+HCOOK[1+]	0.0009
	464.312	M+K[1+]	-0.0013
	510.3172	M+HCOOK[1+]	-0.0019
	427.3646	M(C13)+H[1+]	0.0034
	484.317	M+NaCl[1+]	0.0006
	484.3162	M+NaCl[1+]	-0.0002
	510.3176	M+HCOOK[1+]	-0.0015
	425.3498	M[1+]	-0.0007
	464.3122	M+K[1+]	-0.0011
	427.365	M(C13)+H[1+]	0.0038
	484.3164	M+NaCl[1+]	0.0
	444.3648	M+H2O+H[1+]	-0.0036
	425.3506	M[1+]	0.0001
	494.3429	M+HCOONa[1+]	-0.0023
	484.3174	M+NaCl[1+]	0.001
	426.3616	M+H[1+]	0.0038
	464.3113	M+K[1+]	-0.002
	425.3503	M[1+]	-0.0002
	390.3341	M-H4O2+H[1+]	-0.0025
CE7047		15	415.3576
	474.3221	M+NaCl[1+]	-0.0014
	370.3582	M-HCOOH+H[1+]	-0.0013
	484.3487	M+HCOONa[1+]	-0.0036
	454.3238	M+K[1+]	0.0034
	474.3219	M+NaCl[1+]	-0.0016
	370.357	M-HCOOH+H[1+]	-0.0025
	474.3189	M+NaCl[1+]	-0.0046
	399.338	M-NH3+H[1+]	-0.0004
	500.331	M+HCOOK[1+]	0.0048
	415.3552	M[1+]	-0.0024
	418.3628	M(Cl37)+H[1+]	0.0007
	418.3628	M(S34)+H[1+]	0.0021
	484.3521	M+HCOONa[1+]	-0.0002
	418.3657	M(Cl37)+H[1+]	0.0036
	398.3509	M-H2O+H[1+]	-0.0034
	484.3477	M+HCOONa[1+]	-0.0046
	415.356	M[1+]	-0.0016
CE6230	15-hydroperoxyeicosa-8Z,11Z,13E-trienoate	26	337.2379	among possibles CE6230,CE4988,CE4987,CE5350,CE5352
	294.2549	M-CO2+H[1+]	-0.0005
	320.2344	M-H2O+H[1+]	-0.0002
	356.2529	M+H2O+H[1+]	-0.0029
	356.2553	M+H2O+H[1+]	-0.0005
	356.253	M+H2O+H[1+]	-0.0028
	360.2262	M+Na[1+]	-0.001
	294.2548	M-CO2+H[1+]	-0.0006
	292.2418	M-HCOOH+H[1+]	0.002
	406.2327	M+HCOONa[1+]	0.0001
	320.2317	M-H2O+H[1+]	-0.0029
	266.2242	M-C3H4O2+H[1+]	0.0001
	406.2342	M+HCOONa[1+]	0.0016
	310.2482	M-CO+H[1+]	-0.002
	360.2271	M+Na[1+]	-0.0001
	294.2545	M-CO2+H[1+]	-0.0009
	320.2325	M-H2O+H[1+]	-0.0021
	320.2343	M-H2O+H[1+]	-0.0003
	320.2332	M-H2O+H[1+]	-0.0014
	338.2428	M+H[1+]	-0.0024
	310.2485	M-CO+H[1+]	-0.0017
	320.232	M-H2O+H[1+]	-0.0026
	294.255	M-CO2+H[1+]	-0.0004
	320.2327	M-H2O+H[1+]	-0.0019
	320.2342	M-H2O+H[1+]	-0.0004
	302.2232	M-H4O2+H[1+]	-0.0008
	337.2363	M[1+]	-0.0016
	320.2345	M-H2O+H[1+]	-0.0001
	320.2337	M-H2O+H[1+]	-0.0009
	310.2487	M-CO+H[1+]	-0.0015
	338.2432	M+H[1+]	-0.002
	320.2324	M-H2O+H[1+]	-0.0022
	360.2285	M+Na[1+]	0.0013
	360.2292	M+Na[1+]	0.002
	338.2426	M+H[1+]	-0.0026
	376.1985	M+K[1+]	-0.0022
	320.237	M-H2O+H[1+]	0.0024
	320.2328	M-H2O+H[1+]	-0.0018
	320.234	M-H2O+H[1+]	-0.0006
	338.2473	M+H[1+]	0.0021
	339.251	M(C13)+H[1+]	0.0024
	302.2224	M-H4O2+H[1+]	-0.0016
	406.2338	M+HCOONa[1+]	0.0012
	320.2346	M-H2O+H[1+]	0.0
	302.2245	M-H4O2+H[1+]	0.0005
	320.2333	M-H2O+H[1+]	-0.0013
	310.2486	M-CO+H[1+]	-0.0016
	310.2484	M-CO+H[1+]	-0.0018
	310.2481	M-CO+H[1+]	-0.0021
	320.2329	M-H2O+H[1+]	-0.0017
	356.2539	M+H2O+H[1+]	-0.0019
	360.2296	M+Na[1+]	0.0024
	270.2552	M-HCOONa+H[1+]	-0.0026
	320.2323	M-H2O+H[1+]	-0.0023
	338.2469	M+H[1+]	0.0017
	302.2234	M-H4O2+H[1+]	-0.0006
	292.2373	M-HCOOH+H[1+]	-0.0025
	406.2324	M+HCOONa[1+]	-0.0002
C08012	Levomethadyl acetate; LAAM	22	353.2355
	336.2293	M-H2O+H[1+]	-0.0029
	326.2467	M-CO+H[1+]	-0.0011
	372.2517	M+H2O+H[1+]	-0.0017
	438.2025	M+HCOOK[1+]	-0.0016
	282.2196	M-C3H4O2+H[1+]	-0.0021
	412.2037	M+NaCl[1+]	0.0023
	326.2453	M-CO+H[1+]	-0.0025
	282.22	M-C3H4O2+H[1+]	-0.0017
	422.2331	M+HCOONa[1+]	0.0029
	354.2426	M+H[1+]	-0.0002
	438.2022	M+HCOOK[1+]	-0.0019
	282.2205	M-C3H4O2+H[1+]	-0.0012
	336.2337	M-H2O+H[1+]	0.0015
	282.2189	M-C3H4O2+H[1+]	-0.0028
	438.2019	M+HCOOK[1+]	-0.0022
	326.2461	M-CO+H[1+]	-0.0017
	412.1981	M+NaCl[1+]	-0.0033
	326.2464	M-CO+H[1+]	-0.0014
	326.245	M-CO+H[1+]	-0.0028
	354.2431	M+H[1+]	0.0003
	326.2452	M-CO+H[1+]	-0.0026
	326.247	M-CO+H[1+]	-0.0008
	282.2192	M-C3H4O2+H[1+]	-0.0025
	353.2372	M[1+]	0.0017
	326.246	M-CO+H[1+]	-0.0018
	326.2447	M-CO+H[1+]	-0.0031
	354.2393	M+H[1+]	-0.0035
	353.239	M[1+]	0.0035
	282.2195	M-C3H4O2+H[1+]	-0.0022
	422.2326	M+HCOONa[1+]	0.0024
	336.2296	M-H2O+H[1+]	-0.0026
	282.2193	M-C3H4O2+H[1+]	-0.0024
	326.2491	M-CO+H[1+]	0.0013
	354.2402	M+H[1+]	-0.0026
	282.2194	M-C3H4O2+H[1+]	-0.0023
	422.2329	M+HCOONa[1+]	0.0027
	392.2	M+K[1+]	0.0017
	326.2458	M-CO+H[1+]	-0.002
	392.202	M+K[1+]	0.0037
	376.2256	M+Na[1+]	0.0008
	282.2198	M-C3H4O2+H[1+]	-0.0019
	422.2332	M+HCOONa[1+]	0.003
	376.2217	M+Na[1+]	-0.0031
	326.2462	M-CO+H[1+]	-0.0016
	282.2197	M-C3H4O2+H[1+]	-0.002
	326.2459	M-CO+H[1+]	-0.0019
	282.2201	M-C3H4O2+H[1+]	-0.0016
	422.2327	M+HCOONa[1+]	0.0025
CE5947	20-COOH-10,11-dihydro-LTB4	13	366.2043
	368.2166	M(C13)+H[1+]	0.0017
	184.1085	M+2H[2+]	-0.0009
	368.2165	M(C13)+H[1+]	0.0016
	295.1923	M-C3H4O2+H[1+]	0.0019
	385.2257	M+H2O+H[1+]	0.0036
	283.2521	M-HCOOK+H[1+]	0.0019
	184.1083	M+2H[2+]	-0.0011
	368.2172	M(C13)+H[1+]	0.0023
	368.2168	M(C13)+H[1+]	0.0019
	366.2046	M[1+]	0.0003
	368.2147	M(C13)+H[1+]	-0.0002
	184.11	M+2H[2+]	0.0006
	366.2022	M[1+]	-0.0021
	184.1087	M+2H[2+]	-0.0007
	184.1096	M+2H[2+]	0.0002
	366.206	M[1+]	0.0017
	283.2509	M-HCOOK+H[1+]	0.0007
	366.2024	M[1+]	-0.0019
	368.217	M(C13)+H[1+]	0.0021
C05963		18	370.2355
	186.126	M+2H[2+]	0.001
	370.2324	M[1+]	-0.0031
	371.2448	M+H[1+]	0.002
	287.2814	M-HCOOK+H[1+]	-0.0001
	287.2806	M-HCOOK+H[1+]	-0.0009
	287.2805	M-HCOOK+H[1+]	-0.001
	287.2808	M-HCOOK+H[1+]	-0.0007
	370.2384	M[1+]	0.0029
	371.245	M+H[1+]	0.0022
	371.2443	M+H[1+]	0.0015
	186.1256	M+2H[2+]	0.0006
	197.1163	M+H+Na[2+]	0.0003
	372.2487	M(C13)+H[1+]	0.0025
	287.2822	M-HCOOK+H[1+]	0.0007
	370.2342	M[1+]	-0.0013
	287.2819	M-HCOOK+H[1+]	0.0004
	186.1251	M+2H[2+]	0.0001
CE7093	13,14-dihydro-15-oxo-PGE1	19	353.2328	among possibles CE6234,CE4989,CE7093,CE5663,CE5828,CE5924,CE5929,CE5931
	326.2443	M-CO+H[1+]	-0.0008
	286.2506	M-HCOONa+H[1+]	-0.0021
	356.2342	M(Cl37)+H[1+]	-0.0031
	282.2178	M-C3H4O2+H[1+]	-0.0012
	354.2372	M+H[1+]	-0.0029
	326.245	M-CO+H[1+]	-0.0001
	326.2432	M-CO+H[1+]	-0.0019
	326.2437	M-CO+H[1+]	-0.0014
	438.2019	M+HCOOK[1+]	0.0005
	336.2275	M-H2O+H[1+]	-0.002
	336.2271	M-H2O+H[1+]	-0.0024
	282.2192	M-C3H4O2+H[1+]	0.0002
	372.2517	M+H2O+H[1+]	0.001
	326.2464	M-CO+H[1+]	0.0013
	336.2277	M-H2O+H[1+]	-0.0018
	282.2195	M-C3H4O2+H[1+]	0.0005
	354.2393	M+H[1+]	-0.0008
	336.2293	M-H2O+H[1+]	-0.0002
	412.1981	M+NaCl[1+]	-0.0006
	438.2025	M+HCOOK[1+]	0.0011
	282.2198	M-C3H4O2+H[1+]	0.0008
	282.2196	M-C3H4O2+H[1+]	0.0006
	326.2434	M-CO+H[1+]	-0.0017
	310.2485	M-CO2+H[1+]	-0.0018
	356.2342	M(S34)+H[1+]	-0.0017
	310.2481	M-CO2+H[1+]	-0.0022
	356.2331	M(S34)+H[1+]	-0.0028
	376.2217	M+Na[1+]	-0.0004
	354.2377	M+H[1+]	-0.0024
	354.2426	M+H[1+]	0.0025
	282.2194	M-C3H4O2+H[1+]	0.0004
	336.2276	M-H2O+H[1+]	-0.0019
	336.2278	M-H2O+H[1+]	-0.0017
	310.2487	M-CO2+H[1+]	-0.0016
	286.2501	M-HCOONa+H[1+]	-0.0026
	326.2445	M-CO+H[1+]	-0.0006
	282.2201	M-C3H4O2+H[1+]	0.0011
	326.2467	M-CO+H[1+]	0.0016
	354.238	M+H[1+]	-0.0021
	336.2272	M-H2O+H[1+]	-0.0023
	318.2171	M-H4O2+H[1+]	-0.0018
	310.2484	M-CO2+H[1+]	-0.0019
	310.2486	M-CO2+H[1+]	-0.0017
	318.2174	M-H4O2+H[1+]	-0.0015
	326.2459	M-CO+H[1+]	0.0008
	326.246	M-CO+H[1+]	0.0009
	354.2381	M+H[1+]	-0.002
	310.2482	M-CO2+H[1+]	-0.0021
	282.2189	M-C3H4O2+H[1+]	-0.0001
	376.2256	M+Na[1+]	0.0035
	326.243	M-CO+H[1+]	-0.0021
	354.2376	M+H[1+]	-0.0025
	326.2462	M-CO+H[1+]	0.0011
	326.2452	M-CO+H[1+]	0.0001
	326.2453	M-CO+H[1+]	0.0002
	354.2383	M+H[1+]	-0.0018
	318.2168	M-H4O2+H[1+]	-0.0021
	354.2431	M+H[1+]	0.003
	326.2461	M-CO+H[1+]	0.001
	438.2022	M+HCOOK[1+]	0.0008
	282.2205	M-C3H4O2+H[1+]	0.0015
	336.2268	M-H2O+H[1+]	-0.0027
	336.2296	M-H2O+H[1+]	0.0001
	336.2274	M-H2O+H[1+]	-0.0021
	318.2172	M-H4O2+H[1+]	-0.0017
	326.247	M-CO+H[1+]	0.0019
	282.22	M-C3H4O2+H[1+]	0.001
	354.2402	M+H[1+]	0.0001
	326.2447	M-CO+H[1+]	-0.0004
	326.2444	M-CO+H[1+]	-0.0007
	282.2197	M-C3H4O2+H[1+]	0.0007
	326.2458	M-CO+H[1+]	0.0007
	282.2193	M-C3H4O2+H[1+]	0.0003
	372.2487	M+H2O+H[1+]	-0.002
	318.2169	M-H4O2+H[1+]	-0.002
	336.2282	M-H2O+H[1+]	-0.0013
C03577	20-Hydroxyleukotriene E4; 20-OH-LTE4; 20-OH-Leukotriene E4	22	455.2342
	428.2436	M-CO+H[1+]	-0.0029
	478.2195	M+Na[1+]	-0.004
	455.2345	M[1+]	0.0003
	456.2455	M+H[1+]	0.004
	456.2452	M+H[1+]	0.0037
	456.2419	M+H[1+]	0.0004
	478.2194	M+Na[1+]	-0.0041
	458.243	M(Cl37)+H[1+]	0.0043
	524.225	M+HCOONa[1+]	-0.0039
	458.2392	M(Cl37)+H[1+]	0.0005
	428.2452	M-CO+H[1+]	-0.0013
	456.2431	M+H[1+]	0.0016
	372.2826	M-HCOOK+H[1+]	0.0024
	438.2308	M-H2O+H[1+]	-0.0001
	456.243	M+H[1+]	0.0015
	478.2189	M+Na[1+]	-0.0046
	456.2456	M+H[1+]	0.0041
	514.1997	M+NaCl[1+]	-0.0004
	478.2198	M+Na[1+]	-0.0037
	514.1987	M+NaCl[1+]	-0.0014
	410.2389	M-HCOOH+H[1+]	0.0028
	439.2142	M-NH3+H[1+]	-0.0008
	458.2392	M(S34)+H[1+]	0.0019
	372.28	M-HCOOK+H[1+]	-0.0002
	410.232	M-HCOOH+H[1+]	-0.0041
CE5848	7'-carboxy-gama-tocotrienol	19	331.1909	among possibles CE5848,CE7109,CE7110
	370.1556	M+K[1+]	0.0019
	314.1871	M-H2O+H[1+]	-0.0005
	334.1943	M(S34)+H[1+]	0.0003
	350.2061	M+H2O+H[1+]	-0.0027
	314.1864	M-H2O+H[1+]	-0.0012
	315.1693	M-NH3+H[1+]	-0.0024
	332.1965	M+H[1+]	-0.0017
	332.1966	M+H[1+]	-0.0016
	286.19	M-HCOOH+H[1+]	-0.0028
	288.2083	M-CO2+H[1+]	-0.0001
	332.1962	M+H[1+]	-0.002
	332.1963	M+H[1+]	-0.0019
	304.2012	M-CO+H[1+]	-0.002
	370.1554	M+K[1+]	0.0017
	370.1555	M+K[1+]	0.0018
	416.1601	M+HCOOK[1+]	0.0006
	314.1862	M-H2O+H[1+]	-0.0014
	334.193	M(Cl37)+H[1+]	-0.0024
	304.2014	M-CO+H[1+]	-0.0018
	350.2065	M+H2O+H[1+]	-0.0023
	296.1783	M-H4O2+H[1+]	0.0013
	370.1558	M+K[1+]	0.0021
	264.2086	M-HCOONa+H[1+]	-0.0022
	332.1964	M+H[1+]	-0.0018
	350.2062	M+H2O+H[1+]	-0.0026
	350.2066	M+H2O+H[1+]	-0.0022
	315.1699	M-NH3+H[1+]	-0.0018
	315.1708	M-NH3+H[1+]	-0.0009
	304.2006	M-CO+H[1+]	-0.0026
	296.1776	M-H4O2+H[1+]	0.0006
	260.1758	M-C3H4O2+H[1+]	-0.0013
	304.2013	M-CO+H[1+]	-0.0019
	332.1952	M+H[1+]	-0.003
	296.1749	M-H4O2+H[1+]	-0.0021
	334.1943	M(Cl37)+H[1+]	-0.0011
	288.2085	M-CO2+H[1+]	0.0001
	314.1856	M-H2O+H[1+]	-0.002
	304.2009	M-CO+H[1+]	-0.0023
	416.1589	M+HCOOK[1+]	-0.0006
	334.193	M(S34)+H[1+]	-0.001
	350.2063	M+H2O+H[1+]	-0.0025
	314.1847	M-H2O+H[1+]	-0.0029
	314.1852	M-H2O+H[1+]	-0.0024
	304.2011	M-CO+H[1+]	-0.0021
	264.2087	M-HCOONa+H[1+]	-0.0021
	370.1552	M+K[1+]	0.0015
	304.202	M-CO+H[1+]	-0.0012
	332.1976	M+H[1+]	-0.0006
	314.1868	M-H2O+H[1+]	-0.0008
	314.1907	M-H2O+H[1+]	0.0031
C07572	Citalopram	11	324.1638
	343.1816	M+H2O+H[1+]	-0.0001
	289.1519	M-H4O2+H[1+]	0.002
	326.172	M(C13)+H[1+]	-0.0025
	393.1603	M+HCOONa[1+]	0.0018
	289.1518	M-H4O2+H[1+]	0.0019
	325.1707	M+H[1+]	-0.0004
	289.1521	M-H4O2+H[1+]	0.0022
	393.1564	M+HCOONa[1+]	-0.0021
	281.1817	M-CO2+H[1+]	0.0004
	326.1723	M(C13)+H[1+]	-0.0022
CE5995	20-COOH-leukotriene E4	18	467.1978
	396.1811	M-C3H4O2+H[1+]	-0.0029
	422.1963	M-HCOOH+H[1+]	-0.0034
	506.1558	M+K[1+]	-0.0048
	432.1806	M-H4O2+H[1+]	-0.0033
	235.1062	M(C13)+2H[2+]	-0.0017
	506.1555	M+K[1+]	-0.0051
	384.2443	M-HCOOK+H[1+]	0.0005
	440.2062	M-CO+H[1+]	-0.0039
	490.1822	M+Na[1+]	-0.0049
	432.181	M-H4O2+H[1+]	-0.0029
	396.1808	M-C3H4O2+H[1+]	-0.0032
	396.1805	M-C3H4O2+H[1+]	-0.0035
	396.1809	M-C3H4O2+H[1+]	-0.0031
	467.1993	M[1+]	0.0015
	450.1962	M-H2O+H[1+]	0.0017
	506.1639	M+K[1+]	0.0033
	396.1807	M-C3H4O2+H[1+]	-0.0033
	486.2172	M+H2O+H[1+]	0.0015
	396.1821	M-C3H4O2+H[1+]	-0.0019
C16548	N,N-Didesmethyltamoxifen	17	343.1936
	344.1992	M+H[1+]	-0.0017
	326.1912	M-H2O+H[1+]	0.0009
	428.1639	M+HCOOK[1+]	0.0017
	326.1925	M-H2O+H[1+]	0.0022
	412.1911	M+HCOONa[1+]	0.0028
	428.1649	M+HCOOK[1+]	0.0027
	343.1961	M[1+]	0.0025
	412.1913	M+HCOONa[1+]	0.003
	316.2031	M-CO+H[1+]	-0.0028
	316.2039	M-CO+H[1+]	-0.002
	412.1889	M+HCOONa[1+]	0.0006
	298.1965	M-HCOOH+H[1+]	0.001
	326.1916	M-H2O+H[1+]	0.0013
	326.1913	M-H2O+H[1+]	0.001
	326.1933	M-H2O+H[1+]	0.003
	343.1904	M[1+]	-0.0032
	276.2155	M-HCOONa+H[1+]	0.002
	362.2091	M+H2O+H[1+]	-0.0024
	362.2097	M+H2O+H[1+]	-0.0018
	428.1632	M+HCOOK[1+]	0.001
	412.1916	M+HCOONa[1+]	0.0033
	412.1899	M+HCOONa[1+]	0.0016
	326.1908	M-H2O+H[1+]	0.0005
stcrn	stearoylcarnitine	13	427.3662
	450.3554	M+Na[1+]	-0.0
	486.3338	M+NaCl[1+]	0.0018
	486.3342	M+NaCl[1+]	0.0022
	466.3309	M+K[1+]	0.002
	427.365	M[1+]	-0.0011
	466.3273	M+K[1+]	-0.0016
	427.3646	M[1+]	-0.0016
	429.3811	M(C13)+H[1+]	0.0043
	427.3682	M[1+]	0.002
	450.3575	M+Na[1+]	0.0021
	486.3348	M+NaCl[1+]	0.0028
C00881	Deoxycytidine; 2'-Deoxycytidine	15	227.0906
	210.0888	M-H2O+H[1+]	0.0015
	182.0914	M-HCOOH+H[1+]	-0.0011
	230.0938	M(Cl37)+H[1+]	-0.0013
	156.0768	M-C3H4O2+H[1+]	0.0
	210.0871	M-H2O+H[1+]	-0.0002
	200.102	M-CO+H[1+]	-0.0009
	160.1091	M-HCOONa+H[1+]	-0.0014
	156.0777	M-C3H4O2+H[1+]	0.0009
	192.0783	M-H4O2+H[1+]	0.0016
	210.088	M-H2O+H[1+]	0.0007
	192.0774	M-H4O2+H[1+]	0.0007
	192.0765	M-H4O2+H[1+]	-0.0002
	210.0865	M-H2O+H[1+]	-0.0008
	156.0765	M-C3H4O2+H[1+]	-0.0003
	160.11	M-HCOONa+H[1+]	-0.0005
	160.109	M-HCOONa+H[1+]	-0.0015
	210.0868	M-H2O+H[1+]	-0.0005
	230.0936	M(S34)+H[1+]	-0.0001
	184.1085	M-CO2+H[1+]	0.0004
	200.104	M-CO+H[1+]	0.0011
	182.0919	M-HCOOH+H[1+]	-0.0006
	156.078	M-C3H4O2+H[1+]	0.0012
	192.0757	M-H4O2+H[1+]	-0.001
	182.0934	M-HCOOH+H[1+]	0.0009
	156.0783	M-C3H4O2+H[1+]	0.0015
	230.0936	M(Cl37)+H[1+]	-0.0015
	184.1087	M-CO2+H[1+]	0.0006
	286.0541	M+NaCl[1+]	-0.0024
	210.0862	M-H2O+H[1+]	-0.0011
	200.1043	M-CO+H[1+]	0.0014
	184.1096	M-CO2+H[1+]	0.0015
	184.1083	M-CO2+H[1+]	0.0002
	160.1098	M-HCOONa+H[1+]	-0.0007
	210.0884	M-H2O+H[1+]	0.0011
	228.0968	M+H[1+]	-0.0011
	200.1041	M-CO+H[1+]	0.0012
	230.0938	M(S34)+H[1+]	0.0001
	192.0767	M-H4O2+H[1+]	0.0
	182.0932	M-HCOOH+H[1+]	0.0007
	156.0767	M-C3H4O2+H[1+]	-0.0001
	210.0866	M-H2O+H[1+]	-0.0007
	160.1096	M-HCOONa+H[1+]	-0.0009
	156.0769	M-C3H4O2+H[1+]	0.0001
	210.087	M-H2O+H[1+]	-0.0003
	160.1099	M-HCOONa+H[1+]	-0.0006
CE5140	12-oxo-20-trihydroxy-leukotriene B4	18	381.1913
	310.1774	M-C3H4O2+H[1+]	-0.0001
	346.1747	M-H4O2+H[1+]	-0.0027
	466.1589	M+HCOOK[1+]	-0.001
	466.1604	M+HCOOK[1+]	0.0005
	310.1803	M-C3H4O2+H[1+]	0.0028
	382.1999	M+H[1+]	0.0013
	384.1962	M(S34)+H[1+]	0.0018
	420.1574	M+K[1+]	0.0033
	310.175	M-C3H4O2+H[1+]	-0.0025
	338.2062	M-CO2+H[1+]	-0.0026
	384.1918	M(S34)+H[1+]	-0.0026
	466.1636	M+HCOOK[1+]	0.0037
	310.1769	M-C3H4O2+H[1+]	-0.0006
	466.1629	M+HCOOK[1+]	0.003
	346.1754	M-H4O2+H[1+]	-0.002
	400.2121	M+H2O+H[1+]	0.0029
	346.1759	M-H4O2+H[1+]	-0.0015
	310.1772	M-C3H4O2+H[1+]	-0.0003
	310.1771	M-C3H4O2+H[1+]	-0.0004
	384.1988	M(Cl37)+H[1+]	0.003
	384.1991	M(Cl37)+H[1+]	0.0033
	310.177	M-C3H4O2+H[1+]	-0.0005
	383.2029	M(C13)+H[1+]	0.0009
	420.1515	M+K[1+]	-0.0026
	420.1552	M+K[1+]	0.0011
	338.2058	M-CO2+H[1+]	-0.003
	384.1955	M(Cl37)+H[1+]	-0.0003
	338.2119	M-CO2+H[1+]	0.0031
	384.1989	M(Cl37)+H[1+]	0.0031
	384.1955	M(S34)+H[1+]	0.0011
	364.1866	M-H2O+H[1+]	-0.0014
	384.1962	M(Cl37)+H[1+]	0.0004
	400.2101	M+H2O+H[1+]	0.0009
	310.1773	M-C3H4O2+H[1+]	-0.0002
	310.1744	M-C3H4O2+H[1+]	-0.0031
	354.2004	M-CO+H[1+]	-0.0032
C01301	3alpha,7alpha,12alpha-Trihydroxy-5beta-cholestan-26-al	15	434.3396
	436.3521	M(C13)+H[1+]	0.0018
	434.3362	M[1+]	-0.0034
	434.3376	M[1+]	-0.002
	434.3385	M[1+]	-0.0011
	493.3018	M+NaCl[1+]	-0.0037
	434.3371	M[1+]	-0.0025
	434.3377	M[1+]	-0.0019
	363.3245	M-C3H4O2+H[1+]	-0.0013
	436.3541	M(C13)+H[1+]	0.0038
	434.337	M[1+]	-0.0026
	434.3379	M[1+]	-0.0017
	453.3594	M+H2O+H[1+]	0.0019
	436.3542	M(C13)+H[1+]	0.0039
	229.1682	M+H+Na[2+]	0.0001
	434.3364	M[1+]	-0.0032
	434.3388	M[1+]	-0.0008
	503.3293	M+HCOONa[1+]	-0.005
	473.2993	M+K[1+]	-0.0031
	436.3539	M(C13)+H[1+]	0.0036
	473.3061	M+K[1+]	0.0037
	436.3543	M(C13)+H[1+]	0.004
	436.3505	M(C13)+H[1+]	0.0002
	436.3535	M(C13)+H[1+]	0.0032
	434.3375	M[1+]	-0.0021
	436.3528	M(C13)+H[1+]	0.0025
	434.3384	M[1+]	-0.0012
	493.3025	M+NaCl[1+]	-0.003
	434.3383	M[1+]	-0.0013
CE6229	13E-tetranor-16-carboxy-LTE4	10	411.1352
	328.1782	M-HCOOK+H[1+]	-0.0029
	368.1545	M-CO2+H[1+]	0.0019
	328.1789	M-HCOOK+H[1+]	-0.0022
	368.1509	M-CO2+H[1+]	-0.0017
	368.1552	M-CO2+H[1+]	0.0026
	384.1495	M-CO+H[1+]	0.0021
	430.1571	M+H2O+H[1+]	0.0041
	376.1211	M-H4O2+H[1+]	-0.0001
	413.1473	M(C13)+H[1+]	0.0015
	434.1221	M+Na[1+]	-0.0023
	328.1796	M-HCOOK+H[1+]	-0.0015
	384.1503	M-CO+H[1+]	0.0029
	368.1499	M-CO2+H[1+]	-0.0027
	328.1795	M-HCOOK+H[1+]	-0.0016
C03150	N-Ribosylnicotinamide; 1-(beta-D-Ribofuranosyl)nicotinamide	19	255.0981
	172.1456	M-HCOOK+H[1+]	0.0015
	228.111	M-CO+H[1+]	0.0006
	129.058	M(C13)+2H[2+]	-0.0
	257.1111	M(C13)+H[1+]	0.0023
	212.1155	M-CO2+H[1+]	-0.0001
	228.1119	M-CO+H[1+]	0.0015
	324.0914	M+HCOONa[1+]	-0.0014
	294.0586	M+K[1+]	-0.0023
	324.0927	M+HCOONa[1+]	-0.0001
	324.0925	M+HCOONa[1+]	-0.0003
	129.0574	M(C13)+2H[2+]	-0.0006
	184.084	M-C3H4O2+H[1+]	-0.0003
	129.0577	M(C13)+2H[2+]	-0.0003
	278.0858	M+Na[1+]	-0.0016
	188.1167	M-HCOONa+H[1+]	-0.0013
	256.105	M+H[1+]	-0.0004
	212.1165	M-CO2+H[1+]	0.0009
tethex3	tetracosahexaenoic acid, n-3	19	355.2637
	339.2428	M-NH3+H[1+]	-0.0017
	440.2354	M+HCOOK[1+]	0.0031
	356.269	M+H[1+]	-0.002
	358.2638	M(S34)+H[1+]	-0.003
	284.2472	M-C3H4O2+H[1+]	-0.0027
	355.2637	M[1+]	-0.0
	357.2779	M(C13)+H[1+]	0.0035
	356.2707	M+H[1+]	-0.0003
	356.2684	M+H[1+]	-0.0026
	356.2696	M+H[1+]	-0.0014
	339.2441	M-NH3+H[1+]	-0.0004
	356.2691	M+H[1+]	-0.0019
	356.2698	M+H[1+]	-0.0012
	414.226	M+NaCl[1+]	-0.0036
	357.2778	M(C13)+H[1+]	0.0034
	339.2438	M-NH3+H[1+]	-0.0007
	355.2611	M[1+]	-0.0026
	356.2688	M+H[1+]	-0.0022
	356.2694	M+H[1+]	-0.0016
	356.2709	M+H[1+]	-0.0001
	424.2622	M+HCOONa[1+]	0.0038
	356.2683	M+H[1+]	-0.0027
	356.2692	M+H[1+]	-0.0018
	356.2697	M+H[1+]	-0.0013
	358.2643	M(S34)+H[1+]	-0.0025
	357.2773	M(C13)+H[1+]	0.0029
	414.2277	M+NaCl[1+]	-0.0019
	374.2851	M+H2O+H[1+]	0.0035
	357.273	M(C13)+H[1+]	-0.0014
	414.231	M+NaCl[1+]	0.0014
C05454	3alpha,7alpha,12alpha-Trihydroxy-5beta-cholestane	6	420.3603	among possibles C05444,C05454
	404.3411	M-NH3+H[1+]	0.0
	404.3406	M-NH3+H[1+]	-0.0005
	404.3399	M-NH3+H[1+]	-0.0012
	421.3653	M+H[1+]	-0.0023
	404.3405	M-NH3+H[1+]	-0.0006
	421.3647	M+H[1+]	-0.0029
lnlncgcrn	gamma-linolenyl carnitine	16	421.3192	among possibles lnlncacrn,lnlncgcrn
	421.3221	M[1+]	0.0029
	423.3331	M(C13)+H[1+]	0.0032
	444.3063	M+Na[1+]	-0.0022
	444.3083	M+Na[1+]	-0.0002
	490.312	M+HCOONa[1+]	-0.0019
	460.2778	M+K[1+]	-0.0042
	444.3062	M+Na[1+]	-0.0023
	444.306	M+Na[1+]	-0.0025
	386.3033	M-H4O2+H[1+]	-0.002
	376.3191	M-HCOOH+H[1+]	-0.002
	460.2791	M+K[1+]	-0.0029
	444.3067	M+Na[1+]	-0.0018
	376.3188	M-HCOOH+H[1+]	-0.0023
	376.3185	M-HCOOH+H[1+]	-0.0026
	421.323	M[1+]	0.0038
	376.3187	M-HCOOH+H[1+]	-0.0024
	421.3176	M[1+]	-0.0016
	460.2849	M+K[1+]	0.0029
	376.3184	M-HCOOH+H[1+]	-0.0027
	421.3182	M[1+]	-0.001
	421.3212	M[1+]	0.002
	460.2832	M+K[1+]	0.0012
	444.3064	M+Na[1+]	-0.0021
	506.2919	M+HCOOK[1+]	0.0041
C00239	dCMP; Deoxycytidylic acid; Deoxycytidine monophosphate; Deoxycytidylate; 2'-Deoxycytidine 5'-monophosphate	8	307.0569
	376.0489	M+HCOONa[1+]	-0.0027
	330.0453	M+Na[1+]	-0.0009
	240.0786	M-HCOONa+H[1+]	0.0018
	280.0712	M-CO+H[1+]	0.002
	224.1027	M-HCOOK+H[1+]	-0.0002
	224.1038	M-HCOOK+H[1+]	0.0009
	264.0758	M-CO2+H[1+]	0.0014
	224.1051	M-HCOOK+H[1+]	0.0022
	224.1031	M-HCOOK+H[1+]	0.0002
	224.1023	M-HCOOK+H[1+]	-0.0006
	240.0785	M-HCOONa+H[1+]	0.0017
CE5946	10,11-dihydro-20-trihydroxy-leukotriene B4	21	385.2226
	342.2373	M-CO2+H[1+]	-0.0028
	385.2257	M[1+]	0.0031
	350.2065	M-H4O2+H[1+]	-0.0022
	454.2187	M+HCOONa[1+]	0.0014
	386.2274	M+H[1+]	-0.0025
	388.2255	M(S34)+H[1+]	-0.0002
	368.2166	M-H2O+H[1+]	-0.0027
	350.2063	M-H4O2+H[1+]	-0.0024
	470.1942	M+HCOOK[1+]	0.003
	342.2396	M-CO2+H[1+]	-0.0005
	342.238	M-CO2+H[1+]	-0.0021
	404.2378	M+H2O+H[1+]	-0.0027
	350.2062	M-H4O2+H[1+]	-0.0025
	342.2381	M-CO2+H[1+]	-0.002
	340.2278	M-HCOOH+H[1+]	0.0033
	358.2335	M-CO+H[1+]	-0.0014
	302.2705	M-HCOOK+H[1+]	0.0019
	386.2297	M+H[1+]	-0.0002
	388.2221	M(S34)+H[1+]	-0.0036
	342.2377	M-CO2+H[1+]	-0.0024
	368.217	M-H2O+H[1+]	-0.0023
	368.2172	M-H2O+H[1+]	-0.0021
	350.2061	M-H4O2+H[1+]	-0.0026
	342.2382	M-CO2+H[1+]	-0.0019
	368.2168	M-H2O+H[1+]	-0.0025
	368.2165	M-H2O+H[1+]	-0.0028
	350.2066	M-H4O2+H[1+]	-0.0021
	358.2328	M-CO+H[1+]	-0.0021
	388.2255	M(Cl37)+H[1+]	-0.0016
	386.2308	M+H[1+]	0.0009
lnlccrn	Linoleyl carnitine	13	423.3349	among possibles lneldccrn,lnlccrn
	423.3352	M[1+]	0.0003
	492.3276	M+HCOONa[1+]	-0.0019
	462.2957	M+K[1+]	-0.0019
	423.3351	M[1+]	0.0002
	423.3331	M[1+]	-0.0018
	213.1744	M(C13)+2H[2+]	-0.002
	423.3357	M[1+]	0.0008
	482.2965	M+NaCl[1+]	-0.0042
	425.343	M(C13)+H[1+]	-0.0025
	462.2959	M+K[1+]	-0.0017
	406.3291	M-H2O+H[1+]	-0.0024
	406.3292	M-H2O+H[1+]	-0.0023
	462.2951	M+K[1+]	-0.0025
	406.3294	M-H2O+H[1+]	-0.0021
	423.3349	M[1+]	0.0
C14827	9(S)-HPODE	12	312.2301	among possibles C14827,C04717
	312.2301	M[1+]	0.0
	315.2309	M(S34)+H[1+]	-0.0023
	371.1992	M+NaCl[1+]	0.0032
	168.1145	M+H+Na[2+]	0.0012
	314.2416	M(C13)+H[1+]	0.0008
	296.2092	M-NH3+H[1+]	-0.0017
	312.2273	M[1+]	-0.0028
	312.228	M[1+]	-0.0021
	312.2274	M[1+]	-0.0027
	312.2282	M[1+]	-0.0019
	312.2293	M[1+]	-0.0008
	168.1143	M+H+Na[2+]	0.001
	312.2294	M[1+]	-0.0007
	312.2281	M[1+]	-0.002
	312.2299	M[1+]	-0.0002
	312.2271	M[1+]	-0.003
	312.2285	M[1+]	-0.0016
	312.2287	M[1+]	-0.0014
	312.2295	M[1+]	-0.0006
	296.2093	M-NH3+H[1+]	-0.0016
C06424	Tetradecanoic acid; Tetradecanoate; Myristic acid	7	228.2089
	287.1722	M+NaCl[1+]	-0.0026
	247.2289	M+H2O+H[1+]	0.0021
	287.1732	M+NaCl[1+]	-0.0016
	247.2291	M+H2O+H[1+]	0.0023
	247.228	M+H2O+H[1+]	0.0012
	247.2288	M+H2O+H[1+]	0.002
	247.229	M+H2O+H[1+]	0.0022
	287.1734	M+NaCl[1+]	-0.0014
	228.2107	M[1+]	0.0018
	228.2099	M[1+]	0.001
	247.2292	M+H2O+H[1+]	0.0024
	247.2285	M+H2O+H[1+]	0.0017
	287.1728	M+NaCl[1+]	-0.002
	247.2278	M+H2O+H[1+]	0.001
	287.1729	M+NaCl[1+]	-0.0019
	287.1737	M+NaCl[1+]	-0.0011
CE7145	13'-carboxy-alpha-tocotrienol	14	453.3005
	538.2649	M+HCOOK[1+]	-0.0042
	437.2788	M-NH3+H[1+]	-0.0025
	472.3173	M+H2O+H[1+]	-0.0011
	492.2617	M+K[1+]	-0.0016
	512.2618	M+NaCl[1+]	-0.0046
	472.3161	M+H2O+H[1+]	-0.0023
	456.3081	M(Cl37)+H[1+]	0.0031
	408.2983	M-HCOOH+H[1+]	-0.0041
	456.3081	M(S34)+H[1+]	0.0045
	454.3061	M+H[1+]	-0.0017
C05480	3alpha-Hydroxy-5beta-pregnane-20-one	13	318.2559
	337.2754	M+H2O+H[1+]	0.0016
	320.2693	M(C13)+H[1+]	0.0027
	171.1255	M+H+Na[2+]	-0.0007
	357.2162	M+K[1+]	-0.0025
	341.2478	M+Na[1+]	0.0026
	291.2659	M-CO+H[1+]	-0.0023
	301.252	M-H2O+H[1+]	-0.0006
	301.2515	M-H2O+H[1+]	-0.0011
	302.2354	M-NH3+H[1+]	-0.0013
	302.2364	M-NH3+H[1+]	-0.0003
	302.2359	M-NH3+H[1+]	-0.0008
	302.2355	M-NH3+H[1+]	-0.0012
	302.2356	M-NH3+H[1+]	-0.0011
	171.1257	M+H+Na[2+]	-0.0005
C16643	Morphine-3-glucuronide	19	461.1686	among possibles C16578,C16643
	484.1571	M+Na[1+]	-0.0008
	461.1697	M[1+]	0.0011
	426.154	M-H4O2+H[1+]	-0.0007
	462.173	M+H[1+]	-0.0029
	462.1768	M+H[1+]	0.0009
	462.1731	M+H[1+]	-0.0028
	463.1837	M(C13)+H[1+]	0.0044
	232.0919	M(C13)+2H[2+]	-0.0014
	464.1684	M(S34)+H[1+]	-0.0033
	464.1764	M(Cl37)+H[1+]	0.0033
	484.1551	M+Na[1+]	-0.0028
	232.0945	M(C13)+2H[2+]	0.0012
	463.1834	M(C13)+H[1+]	0.0041
	463.183	M(C13)+H[1+]	0.0037
CE5849	7'-carboxy-alpha-tocotrienol	16	345.2066
	302.2224	M-CO2+H[1+]	-0.0016
	278.2239	M-HCOONa+H[1+]	-0.0025
	414.2043	M+HCOONa[1+]	0.0031
	300.2066	M-HCOOH+H[1+]	-0.0018
	300.2063	M-HCOOH+H[1+]	-0.0021
	414.2042	M+HCOONa[1+]	0.003
	364.2218	M+H2O+H[1+]	-0.0026
	368.195	M+Na[1+]	-0.0008
	310.1913	M-H4O2+H[1+]	-0.0013
	310.1901	M-H4O2+H[1+]	-0.0025
	404.171	M+NaCl[1+]	-0.0014
	364.2247	M+H2O+H[1+]	0.0003
	348.2084	M(Cl37)+H[1+]	-0.0026
	368.1955	M+Na[1+]	-0.0003
	414.2041	M+HCOONa[1+]	0.0029
	348.2084	M(S34)+H[1+]	-0.0012
	300.2065	M-HCOOH+H[1+]	-0.0019
	364.2229	M+H2O+H[1+]	-0.0015
	302.2245	M-CO2+H[1+]	0.0005
	414.2007	M+HCOONa[1+]	-0.0005
	302.2234	M-CO2+H[1+]	-0.0006
	414.2039	M+HCOONa[1+]	0.0027
	300.2064	M-HCOOH+H[1+]	-0.002
	318.2172	M-CO+H[1+]	-0.0016
	318.2168	M-CO+H[1+]	-0.002
	278.2246	M-HCOONa+H[1+]	-0.0018
	318.2171	M-CO+H[1+]	-0.0017
	414.205	M+HCOONa[1+]	0.0038
	302.2232	M-CO2+H[1+]	-0.0008
	364.2215	M+H2O+H[1+]	-0.0029
	278.2242	M-HCOONa+H[1+]	-0.0022
	278.2244	M-HCOONa+H[1+]	-0.002
	318.2174	M-CO+H[1+]	-0.0014
	310.1925	M-H4O2+H[1+]	-0.0001
	278.2245	M-HCOONa+H[1+]	-0.0019
	364.2224	M+H2O+H[1+]	-0.002
	414.2045	M+HCOONa[1+]	0.0033
	414.2044	M+HCOONa[1+]	0.0032
	414.2036	M+HCOONa[1+]	0.0024
	318.2169	M-CO+H[1+]	-0.0019
	414.2046	M+HCOONa[1+]	0.0034
	274.1911	M-C3H4O2+H[1+]	-0.0016
	278.2243	M-HCOONa+H[1+]	-0.0021
	364.2222	M+H2O+H[1+]	-0.0022
	310.1942	M-H4O2+H[1+]	0.0016
	329.1841	M-NH3+H[1+]	-0.0032
	430.1757	M+HCOOK[1+]	0.0006
	368.1952	M+Na[1+]	-0.0006
C13856	2-Arachidonoylglycerol; 2-Arachidonoyl-sn-glycerol	17	378.277
	343.2601	M-H4O2+H[1+]	-0.003
	127.0998	M+3H[3+]	0.0002
	127.1	M+3H[3+]	0.0004
	127.1001	M+3H[3+]	0.0005
	380.2912	M(C13)+H[1+]	0.0035
	362.2606	M-NH3+H[1+]	0.0028
	127.1002	M+3H[3+]	0.0006
	362.2572	M-NH3+H[1+]	-0.0006
	127.0999	M+3H[3+]	0.0003
	417.2392	M+K[1+]	-0.0006
	362.2567	M-NH3+H[1+]	-0.0011
	201.1387	M+H+Na[2+]	0.0019
	201.1378	M+H+Na[2+]	0.001
	343.2622	M-H4O2+H[1+]	-0.0009
	343.2618	M-H4O2+H[1+]	-0.0013
	447.2674	M+HCOONa[1+]	-0.0043
	380.2899	M(C13)+H[1+]	0.0022
	201.1375	M+H+Na[2+]	0.0007
	343.2623	M-H4O2+H[1+]	-0.0008
	343.2613	M-H4O2+H[1+]	-0.0018
	201.1367	M+H+Na[2+]	-0.0001
	397.2952	M+H2O+H[1+]	0.0003
	362.2558	M-NH3+H[1+]	-0.002
	343.2616	M-H4O2+H[1+]	-0.0015
	201.1371	M+H+Na[2+]	0.0003
	343.262	M-H4O2+H[1+]	-0.0011
	378.2758	M[1+]	-0.0012
	343.2631	M-H4O2+H[1+]	0.0
	417.236	M+K[1+]	-0.0038
	362.2566	M-NH3+H[1+]	-0.0012
	362.2581	M-NH3+H[1+]	0.0003
	378.2756	M[1+]	-0.0014
	335.296	M-CO2+H[1+]	0.0015
C05962		21	368.2199	among possibles C05962,C05956
	368.217	M[1+]	-0.0029
	427.1818	M+NaCl[1+]	-0.004
	196.1091	M+H+Na[2+]	0.0009
	352.2028	M-NH3+H[1+]	0.0021
	301.2378	M-HCOONa+H[1+]	-0.002
	370.2342	M(C13)+H[1+]	0.0036
	352.2025	M-NH3+H[1+]	0.0018
	368.2166	M[1+]	-0.0033
	352.2021	M-NH3+H[1+]	0.0014
	352.2033	M-NH3+H[1+]	0.0026
	368.2165	M[1+]	-0.0034
	371.228	M(Cl37)+H[1+]	0.0036
	301.2402	M-HCOONa+H[1+]	0.0004
	351.2147	M-H2O+H[1+]	-0.0019
	341.2327	M-CO+H[1+]	0.0005
	368.2172	M[1+]	-0.0027
	285.2667	M-HCOOK+H[1+]	0.0008
	351.2132	M-H2O+H[1+]	-0.0034
	352.2041	M-NH3+H[1+]	0.0034
	352.2026	M-NH3+H[1+]	0.0019
	352.2034	M-NH3+H[1+]	0.0027
	341.2317	M-CO+H[1+]	-0.0005
	285.2666	M-HCOOK+H[1+]	0.0007
	368.2168	M[1+]	-0.0031
	370.2324	M(C13)+H[1+]	0.0018
	285.2641	M-HCOOK+H[1+]	-0.0018
	352.2017	M-NH3+H[1+]	0.001
	285.2649	M-HCOOK+H[1+]	-0.001
	352.2019	M-NH3+H[1+]	0.0012
	285.2665	M-HCOOK+H[1+]	0.0006
	369.2273	M+H[1+]	0.0001
	370.2309	M(C13)+H[1+]	0.0003
	285.2668	M-HCOOK+H[1+]	0.0009
C16602	3-Hydroxycarbamazepine	5	252.0899	among possibles C16602,C16601,C07496
	321.0843	M+HCOONa[1+]	-0.0003
	337.0557	M+HCOOK[1+]	-0.0028
	209.1084	M-CO2+H[1+]	0.001
	138.0422	M+H+Na[2+]	-0.001
	209.1058	M-CO2+H[1+]	-0.0016
C06868	Carbamazepine	9	236.095
	255.1104	M+H2O+H[1+]	-0.0025
	130.0453	M+H+Na[2+]	-0.0005
	191.0974	M-HCOOH+H[1+]	0.0005
	209.1084	M-CO+H[1+]	0.0011
	130.0451	M+H+Na[2+]	-0.0007
	130.045	M+H+Na[2+]	-0.0008
	259.0839	M+Na[1+]	-0.0004
	305.09	M+HCOONa[1+]	0.0003
	191.0956	M-HCOOH+H[1+]	-0.0013
	209.1058	M-CO+H[1+]	-0.0015
	130.0448	M+H+Na[2+]	-0.001
C16659	2-Ethylidene-1,5-dimethyl-3,3-diphenylpyrrolidine; EDDP	8	277.1831
	280.1877	M(Cl37)+H[1+]	0.0001
	280.1855	M(S34)+H[1+]	-0.0007
	280.1855	M(Cl37)+H[1+]	-0.0021
	261.162	M-NH3+H[1+]	-0.0019
	296.201	M+H2O+H[1+]	0.0
	346.1759	M+HCOONa[1+]	-0.0019
	296.1997	M+H2O+H[1+]	-0.0013
	280.1877	M(S34)+H[1+]	0.0015
	346.1747	M+HCOONa[1+]	-0.0031
	346.1754	M+HCOONa[1+]	-0.0024
	362.1545	M+HCOOK[1+]	0.0028
	316.1464	M+K[1+]	0.0005
	296.1981	M+H2O+H[1+]	-0.0029
C05139	16alpha-Hydroxydehydroepiandrosterone	9	304.2038	among possibles C18075,C05139
	304.2009	M[1+]	-0.0029
	306.2166	M(C13)+H[1+]	0.0021
	304.2012	M[1+]	-0.0026
	306.2167	M(C13)+H[1+]	0.0022
	259.2051	M-HCOOH+H[1+]	-0.0006
	304.2013	M[1+]	-0.0025
	306.2171	M(C13)+H[1+]	0.0026
	306.2159	M(C13)+H[1+]	0.0014
	304.2011	M[1+]	-0.0027
	306.217	M(C13)+H[1+]	0.0025
	304.202	M[1+]	-0.0018
	304.2014	M[1+]	-0.0024
	259.2047	M-HCOOH+H[1+]	-0.001
	288.1839	M-NH3+H[1+]	-0.0007
	306.2169	M(C13)+H[1+]	0.0024
	306.2163	M(C13)+H[1+]	0.0018
C04741	Alprostadil	18	354.2406	among possibles C14814,C04843,C04741,C14782,C05959,C00639
	354.2426	M[1+]	0.002
	356.253	M(C13)+H[1+]	0.0017
	356.2539	M(C13)+H[1+]	0.0026
	354.2393	M[1+]	-0.0013
	354.2372	M[1+]	-0.0034
	357.2428	M(Cl37)+H[1+]	-0.0023
	354.2376	M[1+]	-0.003
	356.2529	M(C13)+H[1+]	0.0016
	354.2431	M[1+]	0.0025
	271.2871	M-HCOOK+H[1+]	0.0005
	357.2474	M(Cl37)+H[1+]	0.0023
	337.2363	M-H2O+H[1+]	-0.001
	373.2577	M+H2O+H[1+]	-0.0008
	413.2089	M+NaCl[1+]	0.0024
	354.2381	M[1+]	-0.0025
	377.2324	M+Na[1+]	0.0025
	377.2333	M+Na[1+]	0.0034
	354.2377	M[1+]	-0.0029
	413.208	M+NaCl[1+]	0.0015
	189.1168	M+H+Na[2+]	-0.0018
	354.2402	M[1+]	-0.0004
	357.2484	M(Cl37)+H[1+]	0.0033
	357.2428	M(S34)+H[1+]	-0.0009
	354.2383	M[1+]	-0.0023
	356.248	M(C13)+H[1+]	-0.0033
	354.238	M[1+]	-0.0026
C05446	3alpha,7alpha,12alpha,26-Tetrahydroxy-5beta-cholestane	9	436.3553	among possibles C05446,CE1272,CE0232
	419.3507	M-H2O+H[1+]	-0.0013
	436.3528	M[1+]	-0.0025
	436.3521	M[1+]	-0.0032
	436.3569	M[1+]	0.0016
	436.3543	M[1+]	-0.001
	409.3654	M-CO+H[1+]	-0.0022
	419.3504	M-H2O+H[1+]	-0.0016
	419.35	M-H2O+H[1+]	-0.002
	409.3662	M-CO+H[1+]	-0.0014
	353.401	M-HCOOK+H[1+]	-0.0003
	436.3542	M[1+]	-0.0011
	436.3539	M[1+]	-0.0014
	419.3495	M-H2O+H[1+]	-0.0025
	436.3535	M[1+]	-0.0018
	436.3541	M[1+]	-0.0012
	419.3505	M-H2O+H[1+]	-0.0015
	409.3663	M-CO+H[1+]	-0.0013
	420.3346	M-NH3+H[1+]	-0.0015
	409.3661	M-CO+H[1+]	-0.0015
CE5723	5'-carboxy-gama-chromanol	20	305.1753
	278.1864	M-CO+H[1+]	-0.0012
	154.0976	M(C13)+2H[2+]	0.001
	278.1858	M-CO+H[1+]	-0.0018
	306.1804	M+H[1+]	-0.0022
	234.1628	M-C3H4O2+H[1+]	0.0013
	154.0975	M(C13)+2H[2+]	0.0009
	234.1598	M-C3H4O2+H[1+]	-0.0017
	306.1831	M+H[1+]	0.0005
	270.1611	M-H4O2+H[1+]	-0.0003
	234.1592	M-C3H4O2+H[1+]	-0.0023
	270.1626	M-H4O2+H[1+]	0.0012
	234.1618	M-C3H4O2+H[1+]	0.0003
	328.1624	M+Na[1+]	-0.0022
	374.1684	M+HCOONa[1+]	-0.0016
	306.184	M+H[1+]	0.0014
	260.1758	M-HCOOH+H[1+]	-0.0014
	306.1808	M+H[1+]	-0.0018
	278.1866	M-CO+H[1+]	-0.001
	238.1956	M-HCOONa+H[1+]	0.0004
	364.1408	M+NaCl[1+]	-0.0004
	374.1698	M+HCOONa[1+]	-0.0002
	306.182	M+H[1+]	-0.0006
	288.1741	M-H2O+H[1+]	0.0021
	278.1855	M-CO+H[1+]	-0.0021
	390.1408	M+HCOOK[1+]	-0.0031
	324.1923	M+H2O+H[1+]	-0.0009
	262.1909	M-CO2+H[1+]	-0.0019
	234.16	M-C3H4O2+H[1+]	-0.0015
	306.1836	M+H[1+]	0.001
CE5527		11	294.2195	among possibles C14765,CE5526,CE5527
	278.1994	M-NH3+H[1+]	-0.0009
	294.2191	M[1+]	-0.0004
	278.1997	M-NH3+H[1+]	-0.0006
	259.2047	M-H4O2+H[1+]	-0.0009
	353.1832	M+NaCl[1+]	-0.0022
	259.2051	M-H4O2+H[1+]	-0.0005
	294.2188	M[1+]	-0.0007
	278.1979	M-NH3+H[1+]	-0.0024
	278.199	M-NH3+H[1+]	-0.0013
	353.1872	M+NaCl[1+]	0.0018
	317.2115	M+Na[1+]	0.0027
CE3554	20-trihydroxy-leukotriene-B4	13	383.207
	452.2048	M+HCOONa[1+]	0.0032
	340.2278	M-CO2+H[1+]	0.0034
	312.1913	M-C3H4O2+H[1+]	-0.0018
	348.1931	M-H4O2+H[1+]	0.0001
	452.1986	M+HCOONa[1+]	-0.003
	338.2062	M-HCOOH+H[1+]	-0.0026
	366.2046	M-H2O+H[1+]	0.001
	348.194	M-H4O2+H[1+]	0.001
	406.1981	M+Na[1+]	0.0019
	129.0783	M(C13)+3H[3+]	0.001
	386.2095	M(Cl37)+H[1+]	-0.0019
	338.2058	M-HCOOH+H[1+]	-0.003
	348.1906	M-H4O2+H[1+]	-0.0024
	338.2119	M-HCOOH+H[1+]	0.0031
	402.226	M+H2O+H[1+]	0.0012
	386.2095	M(S34)+H[1+]	-0.0005
	312.196	M-C3H4O2+H[1+]	0.0029
	366.206	M-H2O+H[1+]	0.0024
	348.1922	M-H4O2+H[1+]	-0.0008
	366.2022	M-H2O+H[1+]	-0.0014
	386.2071	M(S34)+H[1+]	-0.0029
	386.2068	M(S34)+H[1+]	-0.0032
	366.2024	M-H2O+H[1+]	-0.0012
	386.2072	M(S34)+H[1+]	-0.0028
dcsptn1crn	docosa-4,7,10,13,16-pentaenoyl carnitine	14	473.3505	among possibles dcsptn1crn,clpndcrn
	159.1254	M(C13)+3H[3+]	0.0002
	532.3149	M+NaCl[1+]	-0.0015
	476.3582	M(Cl37)+H[1+]	0.0032
	159.1257	M(C13)+3H[3+]	0.0005
	532.3151	M+NaCl[1+]	-0.0013
	438.3335	M-H4O2+H[1+]	-0.0031
	438.3333	M-H4O2+H[1+]	-0.0033
	438.3346	M-H4O2+H[1+]	-0.002
	473.3495	M[1+]	-0.001
	438.3332	M-H4O2+H[1+]	-0.0034
	512.3154	M+K[1+]	0.0021
	512.315	M+K[1+]	0.0017
	542.3492	M+HCOONa[1+]	0.004
	438.333	M-H4O2+H[1+]	-0.0036
	558.322	M+HCOOK[1+]	0.0029
	476.3494	M(S34)+H[1+]	-0.0042
	542.3398	M+HCOONa[1+]	-0.0054
	476.3582	M(S34)+H[1+]	0.0046
	438.3334	M-H4O2+H[1+]	-0.0032
	473.3503	M[1+]	-0.0002
	438.334	M-H4O2+H[1+]	-0.0026
	438.3336	M-H4O2+H[1+]	-0.003
	476.3587	M(Cl37)+H[1+]	0.0037
CE5017		5	864.6996
	289.2393	M+3H[3+]	-0.0012
	289.2407	M+3H[3+]	0.0002
	433.3595	M+2H[2+]	0.0024
	933.6959	M+HCOONa[1+]	0.0016
	289.2405	M+3H[3+]	0.0
	289.2402	M+3H[3+]	-0.0003
	289.2408	M+3H[3+]	0.0003
CE5930		18	367.2121	among possibles CE2056,CE1447,CE5534,CE5533,CE5926,CE5930
	324.228	M-CO2+H[1+]	-0.0015
	322.2114	M-HCOOH+H[1+]	-0.0025
	350.2062	M-H2O+H[1+]	-0.0025
	322.2166	M-HCOOH+H[1+]	0.0027
	332.1964	M-H4O2+H[1+]	-0.0017
	332.1962	M-H4O2+H[1+]	-0.0019
	390.2032	M+Na[1+]	0.0019
	300.2291	M-HCOONa+H[1+]	-0.0028
	296.1981	M-C3H4O2+H[1+]	-0.0001
	368.2168	M+H[1+]	-0.0025
	324.2318	M-CO2+H[1+]	0.0023
	300.2297	M-HCOONa+H[1+]	-0.0022
	350.2065	M-H2O+H[1+]	-0.0022
	426.1763	M+NaCl[1+]	-0.0016
	332.1965	M-H4O2+H[1+]	-0.0016
	386.2308	M+H2O+H[1+]	0.0009
	322.211	M-HCOOH+H[1+]	-0.0029
	368.2166	M+H[1+]	-0.0027
	322.2159	M-HCOOH+H[1+]	0.002
	322.2127	M-HCOOH+H[1+]	-0.0012
	368.217	M+H[1+]	-0.0023
	332.1952	M-H4O2+H[1+]	-0.0029
	300.2294	M-HCOONa+H[1+]	-0.0025
	368.2165	M+H[1+]	-0.0028
	370.2199	M(Cl37)+H[1+]	0.0034
	332.1963	M-H4O2+H[1+]	-0.0018
	370.2194	M(Cl37)+H[1+]	0.0029
	300.2295	M-HCOONa+H[1+]	-0.0024
	386.2274	M+H2O+H[1+]	-0.0025
	350.2063	M-H2O+H[1+]	-0.0024
	332.1976	M-H4O2+H[1+]	-0.0005
	332.1966	M-H4O2+H[1+]	-0.0015
	386.2297	M+H2O+H[1+]	-0.0002
	350.2066	M-H2O+H[1+]	-0.0021
	300.2296	M-HCOONa+H[1+]	-0.0023
	350.2061	M-H2O+H[1+]	-0.0026
	322.212	M-HCOOH+H[1+]	-0.0019
	452.18	M+HCOOK[1+]	-0.0006
	296.1972	M-C3H4O2+H[1+]	-0.001
	300.229	M-HCOONa+H[1+]	-0.0029
	296.1997	M-C3H4O2+H[1+]	0.0015
	370.2197	M(Cl37)+H[1+]	0.0032
	368.2172	M+H[1+]	-0.0021
	296.201	M-C3H4O2+H[1+]	0.0028
	322.2119	M-HCOOH+H[1+]	-0.002
	296.1979	M-C3H4O2+H[1+]	-0.0003
C00294	Inosine	8	268.0808
	146.0393	M+H+Na[2+]	0.0006
	251.0764	M-H2O+H[1+]	-0.0011
	223.0815	M-HCOOH+H[1+]	-0.0012
	241.094	M-CO+H[1+]	0.0009
	223.0841	M-HCOOH+H[1+]	0.0014
	270.09	M(C13)+H[1+]	-0.0015
	270.0899	M(C13)+H[1+]	-0.0016
	223.0807	M-HCOOH+H[1+]	-0.002
	223.0832	M-HCOOH+H[1+]	0.0005
	233.0682	M-H4O2+H[1+]	0.0013
CE6506		6	156.115	among possibles CE2006,CE6506
	156.115	M[1+]	-0.0
	140.0954	M-NH3+H[1+]	-0.0004
	156.1144	M[1+]	-0.0006
	156.1149	M[1+]	-0.0001
	156.1154	M[1+]	0.0004
	156.1152	M[1+]	0.0002
	156.1163	M[1+]	0.0013
	156.1153	M[1+]	0.0003
	156.1151	M[1+]	0.0001
	140.0948	M-NH3+H[1+]	-0.001
CE7144	13'-hydroxy-alpha-tocotrienol	14	440.329
	499.2953	M+NaCl[1+]	0.0004
	499.2956	M+NaCl[1+]	0.0007
	221.1738	M+2H[2+]	0.002
	373.3526	M-HCOONa+H[1+]	0.0037
	499.2951	M+NaCl[1+]	0.0002
	499.296	M+NaCl[1+]	0.0011
	499.2935	M+NaCl[1+]	-0.0014
	441.3393	M+H[1+]	0.003
	232.164	M+H+Na[2+]	0.0012
	479.2881	M+K[1+]	-0.0037
	499.2946	M+NaCl[1+]	-0.0003
C05284	11beta-Hydroxyandrost-4-ene-3,17-dione	8	302.1882	among possibles C05140,C05284
	231.1734	M-C3H4O2+H[1+]	-0.001
	304.2012	M(C13)+H[1+]	0.0023
	231.1729	M-C3H4O2+H[1+]	-0.0015
	259.2047	M-CO2+H[1+]	-0.001
	304.2009	M(C13)+H[1+]	0.002
	231.1728	M-C3H4O2+H[1+]	-0.0016
	259.2051	M-CO2+H[1+]	-0.0006
	304.1972	M(C13)+H[1+]	-0.0017
	325.1785	M+Na[1+]	0.001
	231.1724	M-C3H4O2+H[1+]	-0.002
	286.1672	M-NH3+H[1+]	-0.0018
	304.2014	M(C13)+H[1+]	0.0025
	304.2013	M(C13)+H[1+]	0.0024
	304.2006	M(C13)+H[1+]	0.0017
	304.2011	M(C13)+H[1+]	0.0022
hpdcacrn	heptadecanoyl carnitine	15	413.3505
	415.3631	M(C13)+H[1+]	0.0019
	415.3641	M(C13)+H[1+]	0.0029
	415.3621	M(C13)+H[1+]	0.0009
	452.3155	M+K[1+]	0.0022
	472.3173	M+NaCl[1+]	0.0009
	397.3335	M-NH3+H[1+]	0.0022
	472.3161	M+NaCl[1+]	-0.0003
	415.3633	M(C13)+H[1+]	0.0021
	413.3481	M[1+]	-0.0024
	415.365	M(C13)+H[1+]	0.0038
	432.3718	M+H2O+H[1+]	0.0034
	432.3717	M+H2O+H[1+]	0.0033
	415.3623	M(C13)+H[1+]	0.0011
	432.372	M+H2O+H[1+]	0.0036
	436.3406	M+Na[1+]	0.0008
C05479	5beta-Pregnane-3,20-dione	9	316.2402	among possibles C01953,C05479,C04042
	300.2191	M-NH3+H[1+]	-0.0019
	316.2421	M[1+]	0.0019
	335.2589	M+H2O+H[1+]	0.0008
	401.2078	M+HCOOK[1+]	-0.001
	271.2424	M-HCOOH+H[1+]	0.0003
	300.2196	M-NH3+H[1+]	-0.0014
	300.22	M-NH3+H[1+]	-0.001
CE5945	10,11-dihydro-20-dihydroxy-LTB4	22	369.2277	among possibles CE6232,CE0955,CE5945
	342.2373	M-CO+H[1+]	-0.0027
	370.2384	M+H[1+]	0.0034
	326.2459	M-CO2+H[1+]	0.0007
	326.2443	M-CO2+H[1+]	-0.0009
	438.2201	M+HCOONa[1+]	-0.0023
	326.2447	M-CO2+H[1+]	-0.0005
	370.2324	M+H[1+]	-0.0026
	298.2151	M-C3H4O2+H[1+]	0.0012
	302.2452	M-HCOONa+H[1+]	-0.0024
	326.2452	M-CO2+H[1+]	0.0
	334.212	M-H4O2+H[1+]	-0.0018
	302.2446	M-HCOONa+H[1+]	-0.003
	334.2149	M-H4O2+H[1+]	0.0011
	352.2241	M-H2O+H[1+]	-0.0003
	334.2168	M-H4O2+H[1+]	0.003
	302.2448	M-HCOONa+H[1+]	-0.0028
	326.2432	M-CO2+H[1+]	-0.002
	334.2163	M-H4O2+H[1+]	0.0025
	352.2257	M-H2O+H[1+]	0.0013
	334.216	M-H4O2+H[1+]	0.0022
	369.2273	M[1+]	-0.0004
	438.2255	M+HCOONa[1+]	0.0031
	334.2125	M-H4O2+H[1+]	-0.0013
	302.2449	M-HCOONa+H[1+]	-0.0027
	342.2381	M-CO+H[1+]	-0.0019
	326.247	M-CO2+H[1+]	0.0018
	342.2382	M-CO+H[1+]	-0.0018
	342.2396	M-CO+H[1+]	-0.0004
	342.238	M-CO+H[1+]	-0.002
	428.1926	M+NaCl[1+]	-0.001
	326.2464	M-CO2+H[1+]	0.0012
	324.228	M-HCOOH+H[1+]	-0.0016
	334.2148	M-H4O2+H[1+]	0.001
	326.245	M-CO2+H[1+]	-0.0002
	326.2458	M-CO2+H[1+]	0.0006
	326.2462	M-CO2+H[1+]	0.001
	326.2445	M-CO2+H[1+]	-0.0007
	388.2421	M+H2O+H[1+]	-0.0035
	342.2377	M-CO+H[1+]	-0.0023
	334.217	M-H4O2+H[1+]	0.0032
	334.2119	M-H4O2+H[1+]	-0.0019
	334.2151	M-H4O2+H[1+]	0.0013
	326.2434	M-CO2+H[1+]	-0.0018
	326.2453	M-CO2+H[1+]	0.0001
	326.2461	M-CO2+H[1+]	0.0009
	334.2147	M-H4O2+H[1+]	0.0009
	326.2444	M-CO2+H[1+]	-0.0008
	370.2342	M+H[1+]	-0.0008
	326.243	M-CO2+H[1+]	-0.0022
	326.246	M-CO2+H[1+]	0.0008
	324.2318	M-HCOOH+H[1+]	0.0022
	334.2156	M-H4O2+H[1+]	0.0018
	302.2447	M-HCOONa+H[1+]	-0.0029
	371.2352	M(C13)+H[1+]	-0.0032
	326.2467	M-CO2+H[1+]	0.0015
	302.245	M-HCOONa+H[1+]	-0.0026
	326.2437	M-CO2+H[1+]	-0.0015
	302.2451	M-HCOONa+H[1+]	-0.0025
vacc	vaccenic acid	11	281.248	among possibles ocdcea,vacc
	282.255	M+H[1+]	-0.0003
	265.2268	M-NH3+H[1+]	-0.002
	282.2551	M+H[1+]	-0.0002
	300.2656	M+H2O+H[1+]	-0.0003
	282.2559	M+H[1+]	0.0006
	304.2378	M+Na[1+]	0.0005
	282.256	M+H[1+]	0.0007
	304.2394	M+Na[1+]	0.0021
	300.2655	M+H2O+H[1+]	-0.0004
	300.266	M+H2O+H[1+]	0.0001
	304.2377	M+Na[1+]	0.0004
	282.2553	M+H[1+]	-0.0
	350.2459	M+HCOONa[1+]	0.0032
	282.2558	M+H[1+]	0.0005
	304.2381	M+Na[1+]	0.0008
	304.2382	M+Na[1+]	0.0009
	282.2555	M+H[1+]	0.0002
	300.2662	M+H2O+H[1+]	0.0003
	300.2661	M+H2O+H[1+]	0.0002
	282.2561	M+H[1+]	0.0008
	282.2556	M+H[1+]	0.0003
	300.2657	M+H2O+H[1+]	-0.0002
	282.2557	M+H[1+]	0.0004
	350.2461	M+HCOONa[1+]	0.0034
	300.2654	M+H2O+H[1+]	-0.0005
	300.2658	M+H2O+H[1+]	-0.0001
	300.2659	M+H2O+H[1+]	-0.0
	304.238	M+Na[1+]	0.0007
	350.2451	M+HCOONa[1+]	0.0024
	300.2678	M+H2O+H[1+]	0.0019
	282.2554	M+H[1+]	0.0001
	304.2379	M+Na[1+]	0.0006
C01780	Aldosterone	14	360.1937	among possibles C00762,C01780
	343.1896	M-H2O+H[1+]	-0.0008
	277.2416	M-HCOOK+H[1+]	0.0019
	277.2411	M-HCOOK+H[1+]	0.0014
	383.1833	M+Na[1+]	0.0003
	360.1943	M[1+]	0.0006
	315.1977	M-HCOOH+H[1+]	0.0021
	344.1763	M-NH3+H[1+]	0.0018
	343.1904	M-H2O+H[1+]	0.0
	325.1785	M-H4O2+H[1+]	-0.0013
	277.2403	M-HCOOK+H[1+]	0.0006
	277.2405	M-HCOOK+H[1+]	0.0008
	277.2404	M-HCOOK+H[1+]	0.0007
	277.2415	M-HCOOK+H[1+]	0.0018
	277.2392	M-HCOOK+H[1+]	-0.0005
	277.24	M-HCOOK+H[1+]	0.0003
	344.1728	M-NH3+H[1+]	-0.0017
	277.2401	M-HCOOK+H[1+]	0.0004
	360.1932	M[1+]	-0.0005
	383.1829	M+Na[1+]	-0.0001
	277.2408	M-HCOOK+H[1+]	0.0011
	277.2413	M-HCOOK+H[1+]	0.0016
	277.241	M-HCOOK+H[1+]	0.0013
	277.2406	M-HCOOK+H[1+]	0.0009
	344.1752	M-NH3+H[1+]	0.0007
	317.2115	M-CO2+H[1+]	0.0003
	277.2393	M-HCOOK+H[1+]	-0.0004
CE7083	leukotriene B5	18	333.2066	among possibles CE5349,CE5304,CE7091,CE7097,CE4876,CE7084,CE7083,CE7080,CE5178,CE2567,CE2566,CE5721,CE4990,CE6508
	392.1699	M+NaCl[1+]	-0.0025
	336.2134	M(Cl37)+H[1+]	0.0024
	316.2031	M-H2O+H[1+]	-0.0001
	316.2018	M-H2O+H[1+]	-0.0014
	334.217	M+H[1+]	0.0032
	290.2222	M-CO2+H[1+]	-0.0018
	334.216	M+H[1+]	0.0022
	290.2239	M-CO2+H[1+]	-0.0001
	334.2151	M+H[1+]	0.0013
	306.217	M-CO+H[1+]	-0.0018
	316.2017	M-H2O+H[1+]	-0.0015
	262.1909	M-C3H4O2+H[1+]	-0.0018
	334.2149	M+H[1+]	0.0011
	352.2257	M+H2O+H[1+]	0.0013
	334.212	M+H[1+]	-0.0018
	290.2245	M-CO2+H[1+]	0.0005
	334.2163	M+H[1+]	0.0025
	352.2241	M+H2O+H[1+]	-0.0003
	334.2119	M+H[1+]	-0.0019
	298.1903	M-H4O2+H[1+]	-0.0023
	334.2156	M+H[1+]	0.0018
	306.2171	M-CO+H[1+]	-0.0017
	334.2125	M+H[1+]	-0.0013
	316.2013	M-H2O+H[1+]	-0.0019
	336.2097	M(S34)+H[1+]	0.0001
	317.1891	M-NH3+H[1+]	0.0018
	316.2012	M-H2O+H[1+]	-0.002
	290.2235	M-CO2+H[1+]	-0.0005
	334.2147	M+H[1+]	0.0009
	306.2167	M-CO+H[1+]	-0.0021
	316.2039	M-H2O+H[1+]	0.0007
	392.1726	M+NaCl[1+]	0.0002
	306.2166	M-CO+H[1+]	-0.0022
	288.2083	M-HCOOH+H[1+]	-0.0001
	290.2237	M-CO2+H[1+]	-0.0003
	317.1888	M-NH3+H[1+]	0.0015
	288.2085	M-HCOOH+H[1+]	0.0001
	306.2169	M-CO+H[1+]	-0.0019
	334.2168	M+H[1+]	0.003
	306.2159	M-CO+H[1+]	-0.0029
	290.225	M-CO2+H[1+]	0.001
	336.2097	M(Cl37)+H[1+]	-0.0013
	266.2242	M-HCOONa+H[1+]	-0.0022
	290.2221	M-CO2+H[1+]	-0.0019
	306.2163	M-CO+H[1+]	-0.0025
	334.2148	M+H[1+]	0.001
	402.2015	M+HCOONa[1+]	0.0003
C00410	Progesterone; 4-Pregnene-3,20-dione	12	314.2246
	373.188	M+NaCl[1+]	-0.0025
	373.1882	M+NaCl[1+]	-0.0023
	287.2348	M-CO+H[1+]	-0.0021
	353.1872	M+K[1+]	-0.0002
	271.2424	M-CO2+H[1+]	0.0003
	169.1122	M+H+Na[2+]	0.0016
	315.2309	M+H[1+]	-0.001
CE5708	15-oxo-Prostaglandin E2 glyceryl ester	13	424.2461
	447.2355	M+Na[1+]	0.0001
	341.2931	M-HCOOK+H[1+]	0.001
	341.295	M-HCOOK+H[1+]	0.0029
	341.2927	M-HCOOK+H[1+]	0.0006
	381.2656	M-CO2+H[1+]	0.002
	341.294	M-HCOOK+H[1+]	0.0019
	463.2114	M+K[1+]	0.0025
	341.2924	M-HCOOK+H[1+]	0.0003
	379.2478	M-HCOOH+H[1+]	-0.0002
	379.2489	M-HCOOH+H[1+]	0.0009
	425.2563	M+H[1+]	0.0029
	341.2921	M-HCOOK+H[1+]	0.0
	341.2922	M-HCOOK+H[1+]	0.0001
	381.2633	M-CO2+H[1+]	-0.0003
	381.2618	M-CO2+H[1+]	-0.0018
	341.2942	M-HCOOK+H[1+]	0.0021
	425.2562	M+H[1+]	0.0028
	341.2928	M-HCOOK+H[1+]	0.0007
	381.2658	M-CO2+H[1+]	0.0022
	341.2926	M-HCOOK+H[1+]	0.0005
	341.2925	M-HCOOK+H[1+]	0.0004
	463.2108	M+K[1+]	0.0019
